attempt_id,platform,method,query,attempt_date,result_count,relevant_count,status,limitation
Q01,Reddit,signal.sh reddit-sub,contract management software in r/procurement,2026-08-19,0,0,EMPTY_OR_BLOCKED,"No parseable output; PullPush response unavailable."
Q02,Reddit,signal.sh reddit-sub,CLM implementation in r/legaltech,2026-08-19,0,0,EMPTY_OR_BLOCKED,"No parseable output; PullPush response unavailable."
Q03,Reddit,signal.sh reddit-sub,contract spreadsheet shared drive in r/procurement,2026-08-19,0,0,EMPTY_OR_BLOCKED,"No parseable output; PullPush response unavailable."
Q04,Reddit,signal.sh reddit-sub,missed contract renewal in r/smallbusiness,2026-08-19,0,0,EMPTY_OR_BLOCKED,"No parseable output; PullPush response unavailable."
Q05,Reddit,signal.sh reddit-sub,contract AI accuracy,2026-08-19,0,0,EMPTY_OR_BLOCKED,"No parseable output; PullPush response unavailable."
Q06,Reddit,signal.sh reddit-sub,Word redline CLM in r/legaltech,2026-08-19,0,0,EMPTY_OR_BLOCKED,"No parseable output; PullPush response unavailable."
Q07,Reddit,signal.sh reddit-sub,contract obligations handoff,2026-08-19,0,0,EMPTY_OR_BLOCKED,"No parseable output; PullPush response unavailable."
Q08,Reddit,signal.sh reddit-sub,successful CLM implementation,2026-08-19,0,0,EMPTY_OR_BLOCKED,"No parseable output; PullPush response unavailable."
Q09,Reddit,signal.sh reddit-com,Ironclad implementation,2026-08-19,0,0,EMPTY_OR_BLOCKED,"Completed without parseable comments."
Q10,Reddit,signal.sh reddit-com,contract renewal spreadsheet,2026-08-19,0,0,EMPTY_OR_BLOCKED,"Completed without parseable comments."
Q11,Reddit,web search,"site:reddit.com/r/procurement contract management spreadsheet shared drive renewal",2026-08-19,combined,usable,PASS,"Search provider reports combined results across four-query batch; per-query count unavailable."
Q12,Reddit,web search,"site:reddit.com/r/legalops or r/legaltech CLM implementation experience",2026-08-19,combined,usable,PASS,"Per-query result count unavailable."
Q13,Reddit,web search,"site:reddit.com missed renewal contract business",2026-08-19,combined,usable,PASS,"Per-query result count unavailable."
Q14,Reddit,web search,"site:reddit.com CLM Word redline contracts",2026-08-19,combined,usable,PASS,"Per-query result count unavailable."
Q15,Reddit,web search,"site:reddit.com/r/legaltech CLM successful implementation game changer",2026-08-19,combined,usable,PASS,"Deliberate disconfirmation search; promotional content common."
Q16,Reddit,web search,"site:reddit.com/r/procurement CLM works well contract management",2026-08-19,combined,usable,PASS,"Per-query result count unavailable."
Q17,Reddit,web search,"site:reddit.com/r/legaltech contract AI accuracy hallucination redline extraction",2026-08-19,combined,usable,PASS,"Per-query result count unavailable."
Q18,Reddit,web search,"site:reddit.com contract management SharePoint good enough",2026-08-19,combined,usable,PASS,"Deliberate status-quo counterexample search."
Q19,Hacker News,signal.sh hn,contract management software,2026-08-19,15,0,NOISY,"Mostly launches/vendor links; no clear operator episode."
Q20,Hacker News,signal.sh hn,contract lifecycle management,2026-08-19,15,0,NOISY,"Common Paper launch dominated; no selected CLM operator episode."
Q21,Hacker News,signal.sh hn-ask,contracts spreadsheet,2026-08-19,15,0,NOISY,"Homonym and generic spreadsheet results."
Q22,X,web search,"site:x.com/status CLM implementation contracts",2026-08-19,combined,0,NOISY,"Combined four-query batch returned opinion/marketing, not operator episodes."
Q23,X,web search,"site:x.com/status contract management spreadsheet business",2026-08-19,combined,0,NOISY,"No selected operator episode."
Q24,X,web search,"site:x.com/status Ironclad contract implementation",2026-08-19,combined,0,NOISY,"No selected operator episode."
Q25,X,web search,"site:x.com/status contract review AI hallucination lawyer",2026-08-19,combined,0,NOISY,"No selected operator episode."
Q26,X,web search,"site:x.com/*/status/* Docusign CLM; contract lifecycle implementation; renewal spreadsheet; AI contract hallucination",2026-08-19,0,0,EMPTY,"Second four-query discovery batch returned no results."
Q27,X,twitter_tweet.py,1887674946412789764,2026-08-19,1,0,PASS,"Single-post retrieval worked; post was consultant commentary rather than a company episode."
Q28,Bluesky,public search API,contract management,2026-08-19,0,0,BLOCKED,"HTTP 403 from public search endpoint."
Q29,Bluesky,public search API,CLM implementation,2026-08-19,0,0,BLOCKED,"HTTP 403 from public search endpoint."
Q30,Bluesky,public search API,contract AI review,2026-08-19,0,0,BLOCKED,"HTTP 403 from public search endpoint; profile endpoint worked but is not discovery."
Q31,YouTube,web search,contract lifecycle management implementation lessons legal ops,2026-08-19,combined,1,PARTIAL,"Search returned embedded/vendor-hosted long-form pages rather than direct YouTube results."
Q32,YouTube,web search,CLM implementation case study contract management,2026-08-19,combined,1,PARTIAL,"One customer/vendor video page selected with affiliation warning."
Q33,YouTube,web search,AI contract review lawyer experience hallucination,2026-08-19,combined,0,NOISY,"No suitable direct video/transcript identified."
Q34,Lemmy,signal.sh lemmy,contract management,2026-08-19,15,0,NOISY,"Political/employment/government-contract homonyms."
Q35,Lemmy,signal.sh lemmy,contract lifecycle software,2026-08-19,15,0,NOISY,"No contract-operations software episode."
Q36,Mastodon,signal.sh mastodon,hashtag contractmanagement on fosstodon.org,2026-08-19,20,0,NOISY,"Mostly vendor marketing, relayed news and job posts."
Q37,Mastodon,signal.sh mastodon,hashtag legaltech on mastodon.social,2026-08-19,20,0,NOISY,"News/blog relays and legal-AI commentary; no selected operator episode."
Q38,Mastodon,signal.sh mastodon,hashtag contracts on mastodon.online,2026-08-19,20,0,NOISY,"Mostly legal scholarship, public awards and unrelated contract news."
Q39,Product Hunt,producthunt_rss.sh,current daily launches,2026-08-19,15,0,EMPTY,"No contract-management product in the daily feed; this is not historical search."
Q40,Reddit,web search,"contract-management multi-file long agreement and renewal-only counterexamples",2026-08-19,combined,2,PASS,"Added one Dutch-language public-tender trial and one renewal-only status-quo case."
