obs_id,platform,date,url,author_or_handle,evidence_label,affiliation,theme_codes,role_clue,size_clue,geography_clue,summary,limitation,confidence
R01,Reddit,2025-04-15,https://www.reddit.com/r/legaltech/comments/1jzkgd0/icertis_implementation/,mpdrsn,FIRSTHAND_IMPLEMENTER,AFFILIATION_UNKNOWN,IMPLEMENTATION_MIGRATION_ADMIN;ADOPTION,system customer,UNKNOWN,UNKNOWN,"Three-year subscription never became usable; implementer disputed negative satisfaction feedback.",Anonymous self-report; no organization or implementation records.,medium
R02,Reddit,2025-04-16,https://www.reddit.com/r/legaltech/comments/1jzkgd0/icertis_implementation/,Simple-Environment52,FIRSTHAND_IMPLEMENTER,AFFILIATION_UNKNOWN,IMPLEMENTATION_MIGRATION_ADMIN;REPOSITORY_SEARCH,implementation participant,"10,000 contracts to migrate",UNKNOWN,"External adviser was described as essential during a 10,000-contract migration.",Anonymous self-report; adviser impact is not independently measured.,medium
R03,Reddit,2025-04-15,https://www.reddit.com/r/legaltech/comments/1jzkgd0/icertis_implementation/,sarthaksarna,REQUEST,AFFILIATION_UNKNOWN,IMPLEMENTATION_MIGRATION_ADMIN,implementation seeker,UNKNOWN,UNKNOWN,"Asked for comparisons between vendor-internal and third-party implementation.","Request establishes a decision need, not an outcome.",high
R04,Reddit,2026-01-23,https://www.reddit.com/r/procurement/comments/1qknvxh/any_practical_contract_management_training/,handle_not_exposed,FIRSTHAND_OPERATOR,AFFILIATION_UNKNOWN,RENEWALS;OBLIGATIONS_HANDOFF;BUYER_OWNER,procurement lead,"growing team",UNKNOWN,"Supplier contracts expired or renewed under outdated terms because obligations and dates relied on manual follow-up.",Parent handle not exposed in captured index; consequences not quantified.,medium
R05,Reddit,2026-01-23,https://www.reddit.com/r/procurement/comments/1qknvxh/any_practical_contract_management_training/,modz4u,FIRSTHAND_OPERATOR,AFFILIATION_UNKNOWN,STATUS_QUO;RENEWALS;BUYER_OWNER,contract analyst workflow,UNKNOWN,UNKNOWN,"A master Excel register plus Power Automate escalates reminders from analyst to supervisor and management.",No portfolio size or failure-rate evidence.,high
R06,Reddit,2026-01-23,https://www.reddit.com/r/procurement/comments/1qknvxh/any_practical_contract_management_training/,Braane10,FIRSTHAND_OPERATOR,AFFILIATION_UNKNOWN,STATUS_QUO;AI_ACCURACY_PROVENANCE_REVIEW;RENEWALS,procurement user,UNKNOWN,UNKNOWN,"Airtable AI fields extract metadata and drive renewal views and stakeholder reminders.",No accuracy test or before/after outcome; platform promotion risk unknown.,medium
R07,Reddit,2026-02-17,https://www.reddit.com/r/procurement/comments/1qknvxh/any_practical_contract_management_training/,Outrageous-Today-467,FIRSTHAND_OPERATOR,AFFILIATION_UNKNOWN,RENEWALS;OBLIGATIONS_HANDOFF;BUYER_OWNER,contract operator,UNKNOWN,UNKNOWN,"Assigning an owner, review date and risk notes reportedly stopped missed renewals.",Also promotes a named course; affiliation not established and outcome unmeasured.,low
R08,Reddit,2026-01-23,https://www.reddit.com/r/procurement/comments/1qknvxh/any_practical_contract_management_training/,Duffers98_,FIRSTHAND_OPERATOR,AFFILIATION_UNKNOWN,STATUS_QUO;AGREEMENT_FAMILY_AMENDMENTS;RENEWALS,procurement professional,UNKNOWN,UNKNOWN,"An internally built system handles standard/non-standard agreements, amendments and approvals, while Excel remains a parallel log.",Self-report; no system or company details.,medium
R09,Reddit,2024-07-31,https://www.reddit.com/r/procurement/comments/1egnzz4/tracking_expiring_contracts_whats_the_best_way/,DontWorryBeeHappyyy,FIRSTHAND_OPERATOR,AFFILIATION_UNKNOWN,STATUS_QUO;RENEWALS,public-sector procurement,"small state agency",UNKNOWN,"Excel tracking starts procurement too late; reminder needs vary from 30 to 120 days.",Geography not inferred from “state agency”; no contract volume.,high
R10,Reddit,2024-07-31,https://www.reddit.com/r/procurement/comments/1egnzz4/tracking_expiring_contracts_whats_the_best_way/,JeebusWept,SECONDHAND_OPINION,AFFILIATION_UNKNOWN,STATUS_QUO;COUNTEREXAMPLE_SUCCESS,UNKNOWN,UNKNOWN,UNKNOWN,"Suggested a weekly tracker review instead of another tool.",Advice without a stated implementation episode.,low
R11,Reddit,2024-07-31,https://www.reddit.com/r/procurement/comments/1egnzz4/tracking_expiring_contracts_whats_the_best_way/,blumune2,SECONDHAND_OPINION,AFFILIATION_UNKNOWN,STATUS_QUO;COUNTEREXAMPLE_SUCCESS;PRICING_WTP,UNKNOWN,UNKNOWN,UNKNOWN,"Proposed SharePoint plus Power Automate as the low-cost minimum solution.",Advice only; no outcome or price accounting.,low
R12,Reddit,2024-07-31,https://www.reddit.com/r/procurement/comments/1egnzz4/tracking_expiring_contracts_whats_the_best_way/,Puzzleheaded-Can-625,FIRSTHAND_OPERATOR,AFFILIATION_UNKNOWN,STATUS_QUO;RENEWALS,public-sector operator,public-sector organization,UNKNOWN,"Microsoft Planner was being configured to email contract reminders.",Implementation was in progress; no success evidence.,medium
R13,Reddit,2024-07-31,https://www.reddit.com/r/procurement/comments/1egnzz4/tracking_expiring_contracts_whats_the_best_way/,DependentWeight2571,SECONDHAND_OPINION,AFFILIATION_UNKNOWN,STATUS_QUO;COUNTEREXAMPLE_SUCCESS,UNKNOWN,UNKNOWN,UNKNOWN,"Argued that monthly Excel review is sufficient because any system still needs source data.",No stated operator episode.,low
R14,Reddit,2024-07-31,https://www.reddit.com/r/procurement/comments/1egnzz4/tracking_expiring_contracts_whats_the_best_way/,whynotlookatreddit,FIRSTHAND_OPERATOR,AFFILIATION_UNKNOWN,COUNTEREXAMPLE_SUCCESS;RENEWALS,procurement user,UNKNOWN,UNKNOWN,"Reported success with Per Angusta for the reminder use case.","One-sentence report; no duration, scope or outcome measure.",low
R15,Reddit,2024-07-31,https://www.reddit.com/r/procurement/comments/1egnzz4/tracking_expiring_contracts_whats_the_best_way/,gankenstein87,FIRSTHAND_OPERATOR,AFFILIATION_UNKNOWN,IMPLEMENTATION_MIGRATION_ADMIN;ADOPTION,system user,"four years on system",UNKNOWN,"Reported four years of breakage and unreproduced support tickets on Icertis.",Anonymous account; no configuration or organization context.,medium
R16,Reddit,2024-07-31,https://www.reddit.com/r/procurement/comments/1egnzz4/tracking_expiring_contracts_whats_the_best_way/,theRealMattWalker83,FIRSTHAND_IMPLEMENTER,AFFILIATION_UNKNOWN,STATUS_QUO;COUNTEREXAMPLE_SUCCESS;ADOPTION,SharePoint/Smartsheet builder,UNKNOWN,UNKNOWN,"Said both SharePoint and Smartsheet can support a contract register if stakeholders adopt them.",No scale or failure evidence.,medium
R17,Reddit,2018-11-14,https://www.reddit.com/r/procurement/comments/9wy3t6/whats_your_favourite_contract_management_software/,handle_not_exposed,FIRSTHAND_OPERATOR,AFFILIATION_UNKNOWN,STATUS_QUO;INTEGRATIONS,procurement professional,"10+ years experience",UNKNOWN,"Across prior workplaces, the baseline was a spreadsheet/shared drive; SAP worked only when PO users maintained links.",Old anecdote; workplaces and organization sizes unknown.,medium
R18,Reddit,2025-04-26,https://www.reddit.com/r/legaltech/comments/1k8ffod/any_good_experience_with_clms/,ThrowRADaisyChain,FIRSTHAND_OPERATOR,AFFILIATION_UNKNOWN,NEGOTIATION;IMPLEMENTATION_MIGRATION_ADMIN;ADOPTION;BUYER_OWNER,in-house commercial counsel,"hundreds of thousands spent",UNKNOWN,"IT selected and configured Docusign CLM without users; repository value remained but negotiation tests were unusable.",Implementation had not completed; price is approximate.,high
R19,Reddit,2025-04-26,https://www.reddit.com/r/legaltech/comments/1k8ffod/any_good_experience_with_clms/,iownakeytar,FIRSTHAND_OPERATOR,AFFILIATION_UNKNOWN,NEGOTIATION;IMPLEMENTATION_MIGRATION_ADMIN;BUYER_OWNER,contracts manager,UNKNOWN,UNKNOWN,"Reported the same legal-exclusion pattern and disliked the deployed system.",Brief anonymous corroboration with no outcome data.,medium
R20,Reddit,2025-04-26,https://www.reddit.com/r/legaltech/comments/1k8ffod/any_good_experience_with_clms/,PastFun8334,FIRSTHAND_OPERATOR,AFFILIATION_UNKNOWN,NEGOTIATION;INTEGRATIONS;ADOPTION,legal-system user,UNKNOWN,UNKNOWN,"Moved to a Word/Teams-integrated product after negotiation friction; reports simpler redlines and status tracking.",Possible promotional phrasing; affiliation not established.,low
R21,Reddit,2025-04-30,https://www.reddit.com/r/legaltech/comments/1k8ffod/any_good_experience_with_clms/,Legal_Tech_Guy,CONSULTANT,AFFILIATION_UNKNOWN,NEGOTIATION;REPOSITORY_SEARCH;INTEGRATIONS;IMPLEMENTATION_MIGRATION_ADMIN,CLM practitioner/consultant,UNKNOWN,UNKNOWN,"Described a workable split: CLM for post-signature reporting, Word for negotiation, APIs/dashboards for lower friction.",Consultant selection bias; no named client or quantified outcome.,medium
R22,Reddit,2025-04-26,https://www.reddit.com/r/legaltech/comments/1k8ffod/any_good_experience_with_clms/,ZealousidealBear7639,FIRSTHAND_OPERATOR,AFFILIATION_UNKNOWN,COUNTEREXAMPLE_SUCCESS;INTEGRATIONS;AI_ACCURACY_PROVENANCE_REVIEW;ADOPTION,cross-functional system user,"600-person company",UNKNOWN,"Reported cross-functional adoption and useful integrations, summaries and extraction with Summize.",Nearly identical text appears in another thread and was deduped; promotional style makes affiliation uncertain.,low
R23,Reddit,2025-10-30,https://www.reddit.com/r/legaltech/comments/1ok5bin/ironclad_vs_evisort_looking_for_insight_or/,DungeonCrawlerBob,FIRSTHAND_OPERATOR,AFFILIATION_UNKNOWN,INTEGRATIONS;IMPLEMENTATION_MIGRATION_ADMIN;PRICING_WTP,system evaluator/user,legacy bulk upload,UNKNOWN,"Reported a roughly $10k API connection, difficult legacy metadata tagging and limited analytics.",Price is anecdotal/negotiated and must not be generalized.,medium
R24,Reddit,2025-10-30,https://www.reddit.com/r/legaltech/comments/1ok5bin/ironclad_vs_evisort_looking_for_insight_or/,callusedmind,FIRSTHAND_OPERATOR,AFFILIATION_UNKNOWN,INTEGRATIONS;BUYER_OWNER;ADOPTION,legal-team buyer,"multiple business units",UNKNOWN,"Businesses would not change their systems, leaving legal to integrate across multiple CRMs, repositories and e-sign tools.",No employee count or implementation outcome.,high
R25,Reddit,2025-10-31,https://www.reddit.com/r/legaltech/comments/1ok5bin/ironclad_vs_evisort_looking_for_insight_or/,Simple-Environment52,CONSULTANT,AFFILIATION_UNKNOWN,IMPLEMENTATION_MIGRATION_ADMIN;COUNTEREXAMPLE_SUCCESS,former CLM consultant now in-house,UNKNOWN,UNKNOWN,"Rated implementation capability as the decisive success factor and preferred Ironclad over Evisort on that dimension.",Consultant opinion; no named client or measured comparison.,medium
R26,Reddit,2025-10-31,https://www.reddit.com/r/legaltech/comments/1ok5bin/ironclad_vs_evisort_looking_for_insight_or/,gpLBC,FIRSTHAND_OPERATOR,AFFILIATION_UNKNOWN,PRICING_WTP;IMPLEMENTATION_MIGRATION_ADMIN;AI_ACCURACY_PROVENANCE_REVIEW,system evaluator,UNKNOWN,UNKNOWN,"After a three-month evaluation, chose SpotDraft because the other two exceeded affordable implementation/support cost; included human-validated extraction.",Negotiated pricing not disclosed; selection is not outcome evidence.,medium
R27,Reddit,2025-10-31,https://www.reddit.com/r/legaltech/comments/1ok5bin/ironclad_vs_evisort_looking_for_insight_or/,kikogeruk,FIRSTHAND_IMPLEMENTER,AFFILIATION_UNKNOWN,COUNTEREXAMPLE_SUCCESS;INTEGRATIONS;IMPLEMENTATION_MIGRATION_ADMIN,customer/administrator,"five years; 50+ workflows",UNKNOWN,"Reported self-implementing more than 50 workflows and integrations over five years, with fast implementation despite some enterprise gaps.",Anonymous positive outlier; no operating metrics.,medium
R28,Reddit,2025-10-31,https://www.reddit.com/r/legaltech/comments/1ok5bin/ironclad_vs_evisort_looking_for_insight_or/,Unhappy-Eye-1842,FIRSTHAND_IMPLEMENTER,AFFILIATION_UNKNOWN,IMPLEMENTATION_MIGRATION_ADMIN;AI_ACCURACY_PROVENANCE_REVIEW;REPOSITORY_SEARCH;INTEGRATIONS,system buyer/implementer,"7,500 legacy agreements",UNKNOWN,"Third-party implementation failed; legacy AI extraction did not work as expected, so the buyer terminated after a year and migrated.",Single anonymous case; product/version/configuration not documented.,high
R30,Reddit,2025-12-16,https://www.reddit.com/r/legaltech/comments/1pnzkcd/why_generic_genai_failed_for_contract_review_in_a/,pauldmay1,FIRSTHAND_OPERATOR,AFFILIATION_UNKNOWN,AI_ACCURACY_PROVENANCE_REVIEW;NEGOTIATION,commercial/finance contract workflow,UNKNOWN,UNKNOWN,"Repeated runs changed risk classifications; the team constrained AI to evidence extraction and classification rather than acceptance decisions.",Later discussion hints at solution-building; commercial affiliation remains uncertain.,medium
R31,Reddit,2025-12-16,https://www.reddit.com/r/legaltech/comments/1pnzkcd/why_generic_genai_failed_for_contract_review_in_a/,Powerful_Ad8150,FIRSTHAND_OPERATOR,AFFILIATION_UNKNOWN,COUNTEREXAMPLE_SUCCESS;AI_ACCURACY_PROVENANCE_REVIEW,lawyer reviewing long contracts,UNKNOWN,UNKNOWN,"Reported repeatable time savings using guidelines, prompt chaining and scoring, with the lawyer retaining judgment.",No measured accuracy or time saving.,medium
R33,Reddit,2026-07-15,https://www.reddit.com/r/legaltech/comments/1ux5hsz/ai_use_cases_for_inhouse_legal_counsels/,Southern_Tough_1786,FIRSTHAND_OPERATOR,AFFILIATION_UNKNOWN,COUNTEREXAMPLE_SUCCESS;AI_ACCURACY_PROVENANCE_REVIEW;NEGOTIATION,in-house complex-contract counsel,"tech-forward company",UNKNOWN,"Uses a general model for first-pass redlines/addenda and then refines with a human in the loop.","No accuracy, contract-family, or time measurements.",medium
R34,Reddit,2026-07-15,https://www.reddit.com/r/legaltech/comments/1ux5hsz/ai_use_cases_for_inhouse_legal_counsels/,handle_not_exposed,FIRSTHAND_OPERATOR,AFFILIATION_UNKNOWN,AI_ACCURACY_PROVENANCE_REVIEW;ADOPTION,in-house legal counsel at SaaS company,UNKNOWN,UNKNOWN,"Could not find a reliable agent use beyond clause work; even a Slack FAQ mixed unrelated lease issues.",Handle omitted in captured excerpt; one individual's experiment.,medium
R35,Reddit,2026-07-15,https://www.reddit.com/r/legaltech/comments/1ux5hsz/ai_use_cases_for_inhouse_legal_counsels/,Joyce17w,VENDOR_AFFILIATED,VENDOR_AFFILIATED,PRICING_WTP;AI_ACCURACY_PROVENANCE_REVIEW;COUNTEREXAMPLE_SUCCESS,contract-review software builder,"low-volume team discussed",UNKNOWN,"Said low review volume does not justify setup cost and that a written checklist is the load-bearing asset.",Commercial participant; useful disconfirmation but not independent customer evidence.,medium
R36,Reddit,2026-01-27,https://www.reddit.com/r/legaltech/comments/1qop0f3/getting_pitched_ai_for_contract_review_how_do_i/,handle_not_exposed,FIRSTHAND_IMPLEMENTER,AFFILIATION_UNKNOWN,AI_ACCURACY_PROVENANCE_REVIEW;ADOPTION,AI-tool evaluator,"three tools tested",UNKNOWN,"Three playbook-trained tools never went live because of misplaced/duplicate clauses and defined-term failures.",Handle not exposed in captured excerpt; no vendor/version or test corpus.,medium
R37,Reddit,2026-01-28,https://www.reddit.com/r/legaltech/comments/1qop0f3/getting_pitched_ai_for_contract_review_how_do_i/,SlippinJimmy_404,FIRSTHAND_OPERATOR,AFFILIATION_UNKNOWN,AI_ACCURACY_PROVENANCE_REVIEW,legal-tech user,UNKNOWN,UNKNOWN,"Found AI useful for NDA triage/basic extraction but far below advertised accuracy and still requiring review.",No test method or denominator.,medium
R38,Reddit,2026-01-28,https://www.reddit.com/r/legaltech/comments/1qop0f3/getting_pitched_ai_for_contract_review_how_do_i/,Seshat_the_Scribe,CONSULTANT,AFFILIATION_UNKNOWN,AI_ACCURACY_PROVENANCE_REVIEW;COUNTEREXAMPLE_SUCCESS,client adviser,UNKNOWN,UNKNOWN,"Reported poor generative-review results but pointed to constrained playbooks plus human review as a workable pattern.",Consultant anecdote and possible product recommendation bias.,low
R39,Reddit,2026-04,https://www.reddit.com/r/projectmanagement/comments/1sb8nx1/how_your_contract_lifecycle_management_works/,ev5173,FIRSTHAND_OPERATOR,AFFILIATION_UNKNOWN,STATUS_QUO;REPOSITORY_SEARCH;RENEWALS;PRICING_WTP,startup team member,"six people; 15 customers",UNKNOWN,"Contracts were scattered across email/Notion/Docs/Slack; after discussion the team began testing a lightweight product.",Month inferred from indexed relative date; test phase is not a success outcome.,medium
R40,Reddit,2026-04,https://www.reddit.com/r/projectmanagement/comments/1sb8nx1/how_your_contract_lifecycle_management_works/,EndirSetsuna,VENDOR_AFFILIATED,VENDOR_AFFILIATED,STATUS_QUO;COUNTEREXAMPLE_SUCCESS;RENEWALS,vendor employee,"six-person scenario",UNKNOWN,"Recommended central storage, templates, e-signature and reminders instead of full CLM at this scale.",Disclosed vendor employment; advice is not independent.,high
R41,Reddit,2026-04,https://www.reddit.com/r/projectmanagement/comments/1sb8nx1/how_your_contract_lifecycle_management_works/,Agreeable_Emotion163,FIRSTHAND_OPERATOR,AFFILIATION_UNKNOWN,STATUS_QUO;REPOSITORY_SEARCH;SECURITY_DEPLOYMENT,"six-person team; solution builder","six people; 15-customer analogue",UNKNOWN,"Said a shared Drive works at this scale, while a self-built permission-aware retrieval layer reduces filing friction.",The author built the described layer and may be promoting it.,low
R42,Reddit,2026-04,https://www.reddit.com/r/projectmanagement/comments/1sb8nx1/how_your_contract_lifecycle_management_works/,mayaserrano,SECONDHAND_OPINION,AFFILIATION_UNKNOWN,STATUS_QUO;COUNTEREXAMPLE_SUCCESS;RENEWALS,UNKNOWN,"six-person scenario",UNKNOWN,"Argued that a structured folder plus one-row-per-agreement spreadsheet is enough for 15 customers.",Advice without a stated episode.,low
R43,Reddit,2026-04,https://www.reddit.com/r/projectmanagement/comments/1sb8nx1/how_your_contract_lifecycle_management_works/,rebelopie,FIRSTHAND_OPERATOR,AFFILIATION_UNKNOWN,STATUS_QUO;OBLIGATIONS_HANDOFF;AGREEMENT_FAMILY_AMENDMENTS,project/contract operator,UNKNOWN,UNKNOWN,"Uses standardized network-drive folders plus Teams Planner from budgeting through completion and warranty.",Company size and failure/outcome data absent.,high
R44,Reddit,2026-05-03,https://www.reddit.com/r/legaltech/comments/1t2u2ms/multiple_clms_partial_ai_deployment_and_a_siloed/,OkCat5541,FIRSTHAND_IMPLEMENTER,AFFILIATION_UNKNOWN,IMPLEMENTATION_MIGRATION_ADMIN;INTEGRATIONS;BUYER_OWNER;AI_ACCURACY_PROVENANCE_REVIEW,CLM/data/workflow implementer,"very large media conglomerate; multiple subsidiaries",UNKNOWN,"Found multiple live CLMs, business-unit ownership and an AI integration available to only about 5% of legal users.",Anonymous enterprise description; percentage is the author's estimate.,high
R45,Reddit,2024-09-24,https://www.reddit.com/r/procurement/comments/1fo6cvc/contract_management_systems/,laurenko02,FIRSTHAND_OPERATOR,AFFILIATION_UNKNOWN,COUNTEREXAMPLE_SUCCESS;INTEGRATIONS,procurement user,UNKNOWN,UNKNOWN,"Reported that Ironclad works well and integrates with Coupa.","One sentence; no duration, implementation, or outcome data.",low
R46,Reddit,2024-09-25,https://www.reddit.com/r/procurement/comments/1fo6cvc/contract_management_systems/,LeagueAggravating595,FIRSTHAND_IMPLEMENTER,AFFILIATION_UNKNOWN,INTEGRATIONS;OBLIGATIONS_HANDOFF;COUNTEREXAMPLE_SUCCESS,procurement-system buyer/implementer,UNKNOWN,UNKNOWN,"Commissioned a GEP customization spanning contracts, sourcing, requisitions, POs and catalogs.","Describes scope, not adoption or benefit.",medium
R47,Reddit,2024-09-25,https://www.reddit.com/r/procurement/comments/1fo6cvc/contract_management_systems/,Procurement-CLM,SECONDHAND_OPINION,AFFILIATION_UNKNOWN,ADOPTION;INTEGRATIONS,UNKNOWN,UNKNOWN,UNKNOWN,"Claimed suite-native CLMs struggle to gain adoption outside procurement, leading legal and sales to separate tools.",Username is category-like; affiliation and firsthand basis unknown.,low
R48,Reddit,2024-06-27,https://www.reddit.com/r/legaltech/comments/1dnl2io/contract_management_software_solution/,handle_not_exposed,FIRSTHAND_IMPLEMENTER,AFFILIATION_UNKNOWN,COUNTEREXAMPLE_SUCCESS;IMPLEMENTATION_MIGRATION_ADMIN;ADOPTION,system implementation participant,UNKNOWN,UNKNOWN,"Implementation managers improved weak initial processes and configured usable workflows rather than merely installing software.",Handle omitted in captured excerpt; product and outcome metrics absent.,medium
R49,Reddit,2024-06-27,https://www.reddit.com/r/legaltech/comments/1dnl2io/contract_management_software_solution/,handle_not_exposed,FIRSTHAND_OPERATOR,AFFILIATION_UNKNOWN,AI_ACCURACY_PROVENANCE_REVIEW,contract-review user,UNKNOWN,UNKNOWN,"Reported template disruption from updates and hit-or-miss AI-assisted scoring.",Handle omitted; no version or test corpus.,medium
R50,Reddit,2025-10-31,https://www.reddit.com/r/legaltech/comments/1ok6m9p/whats_one_legaltech_tool_you_cant_stand/,Simple-Environment52,CONSULTANT,AFFILIATION_UNKNOWN,PRICING_WTP;IMPLEMENTATION_MIGRATION_ADMIN;AGREEMENT_FAMILY_AMENDMENTS,former CLM consultant in enterprise,"multinational enterprise; five-year license; over $1m",US explicitly for one NDA template,"Reported a year and more than $1m to configure one US NDA template, followed by more professional-services demands.",Anecdotal negotiated cost; same author appears elsewhere and is counted once per distinct episode.,medium
R51,Long-form operator article,date_not_exposed,https://www.acc.com/resource-library/lessons-front-lines-clm-implementation,author_identified_on_page,FIRSTHAND_IMPLEMENTER,AFFILIATION_UNKNOWN,COUNTEREXAMPLE_SUCCESS;IMPLEMENTATION_MIGRATION_ADMIN;BUYER_OWNER;INTAKE,legal-operations implementation team,Confluent; size not inferred,UNKNOWN,"The team mapped end-to-end work across Sales, Legal, Order Management and Revenue, then started with prioritized workflows and executive sponsorship.",Operator-authored but hosted by a professional association; no neutral outcome benchmark.,high
R52,Long-form community video,2026-05-09,https://inhouseconnect.org/library/videos/from-spreadsheets-to-clm-discover-how-chase-corporation-put-contracting-on-autopilot-with-juro/,Jeffery Haigh; Michael Haynes,VENDOR_AFFILIATED,VENDOR_AFFILIATED,COUNTEREXAMPLE_SUCCESS;IMPLEMENTATION_MIGRATION_ADMIN;ADOPTION;INTAKE,customer GC plus vendor GC,Chase Corporation; size not inferred,UNKNOWN,"A customer/vendor session describes moving from spreadsheets to repeatable intake-through-storage workflows and adoption controls.",Vendor participates and host summary supplies claims; independent performance evidence unavailable.,medium
R53,Reddit,2025-10-31,https://www.reddit.com/r/ContractManagement/comments/1okba00/what_do_you_use_for_contract_management/,nzwaneveld,FIRSTHAND_OPERATOR,AFFILIATION_UNKNOWN,AGREEMENT_FAMILY_AMENDMENTS;AI_ACCURACY_PROVENANCE_REVIEW;SECURITY_DEPLOYMENT,public-tender contract user,"300–1,200-page multi-file agreements","mostly Dutch-language documents; country not stated","A lightweight tool treated every appendix as a separate contract, imposed a 10MB cap and failed to extract Dutch-language data.",One product trial; language is not geography and cause of parsing failure is uncertain.,high
R54,Reddit,2025-12-19,https://www.reddit.com/r/ContractManagement/comments/1okba00/what_do_you_use_for_contract_management/,Optimal-Cobbler-4618,FIRSTHAND_OPERATOR,AFFILIATION_UNKNOWN,STATUS_QUO;RENEWALS;COUNTEREXAMPLE_SUCCESS,software/vendor tracker user,UNKNOWN,UNKNOWN,"Uses a project board when renewal avoidance alone is needed; uses a dedicated tool only when software-usage tracking is also required.",Affiliation not established; outcome not quantified.,medium
