category,tool,official_url,market_role,buyer,core_use_case,pricing_model,status,evidence_date,evidence_confidence
E-signature,DocuSign,https://www.docusign.com,leader,Legal/Sales/Operations,Create route sign and audit agreements,subscription/contact-sales,Current commercial product—direct official URL captured,2026-08-17,Medium
E-signature,Adobe Acrobat Sign,https://www.adobe.com/acrobat/business/sign.html,leader,Legal/Sales/Operations,Create route sign and audit agreements,subscription/contact-sales,Current commercial product—direct official URL captured,2026-08-17,Medium
E-signature,Dropbox Sign,https://sign.dropbox.com,leader,Sales/Operations,Create route sign and audit agreements,subscription,Current commercial product—direct official URL captured,2026-08-17,Medium
E-signature,PandaDoc,https://www.pandadoc.com,leader,Sales/Revenue Operations,Prepare sign and track proposals/agreements,subscription,Current commercial product—direct official URL captured,2026-08-17,Medium
E-signature,airSlate SignNow,https://www.signnow.com,challenger,Operations/SMB,Create route sign and audit agreements,subscription,Current commercial product—direct official URL captured,2026-08-17,Medium
E-signature,OneSpan Sign,https://www.onespan.com/products/onespan-sign,challenger,Regulated enterprises,High-assurance e-signature,contact-sales,Current commercial product—direct official URL captured,2026-08-17,Medium
E-signature,Zoho Sign,https://www.zoho.com/sign,challenger,SMB/Zoho users,Create route sign and audit agreements,subscription,Current commercial product—direct official URL captured,2026-08-17,Medium
E-signature,Yousign,https://yousign.com,challenger,European SMB/mid-market,Create route sign and audit agreements,subscription/contact-sales,Current commercial product—direct official URL captured,2026-08-17,Medium
E-signature,BoldSign,https://boldsign.com,challenger,Developers/SMB,API and embedded e-signature,subscription,Current commercial product—direct official URL captured,2026-08-17,Medium
E-signature,SignWell,https://www.signwell.com,niche,SMB,Simple e-signature workflows,subscription,Current commercial product—direct official URL captured,2026-08-17,Medium
CLM,Ironclad,https://ironcladapp.com,leader,Legal operations,Contract intake authoring approval and renewal,contact-sales,Current commercial product—direct official URL captured,2026-08-17,Medium
CLM,Icertis,https://www.icertis.com,leader,Enterprise legal/procurement,Enterprise contract lifecycle management,contact-sales,Current commercial product—direct official URL captured,2026-08-17,Medium
CLM,DocuSign CLM,https://www.docusign.com/products/clm,leader,Legal/Sales/Procurement,Contract lifecycle management,contact-sales,Current commercial product—direct official URL captured,2026-08-17,Medium
CLM,Agiloft,https://www.agiloft.com,challenger,Legal/Operations,Configurable contract lifecycle management,contact-sales,Current commercial product—direct official URL captured,2026-08-17,Medium
CLM,Sirion,https://www.sirion.ai,challenger,Enterprise legal/procurement,Contract lifecycle and obligation management,contact-sales,Current commercial product—direct official URL captured,2026-08-17,Medium
CLM,LinkSquares,https://www.linksquares.com,challenger,In-house legal,Contract lifecycle and repository,contact-sales,Current commercial product—direct official URL captured,2026-08-17,Medium
CLM,ContractPodAi,https://contractpodai.com,challenger,Enterprise legal,CLM and legal operations,contact-sales,Current commercial product—direct official URL captured,2026-08-17,Medium
CLM,Juro,https://juro.com,challenger,Mid-market legal/business,Collaborative contracts,subscription/contact-sales,Current commercial product—direct official URL captured,2026-08-17,Medium
CLM,Conga CLM,https://conga.com,challenger,Sales/legal operations,Commercial document and contract lifecycle management,contact-sales,Current commercial product—direct official URL captured,2026-08-17,Medium
CLM,SpotDraft,https://www.spotdraft.com,challenger,In-house legal,AI-enabled CLM,contact-sales,Current commercial product—direct official URL captured,2026-08-17,Medium
VDR,Datasite,https://www.datasite.com,leader,M&A/corporate development,Due-diligence virtual data room,contact-sales,Current commercial product—direct official URL captured,2026-08-17,Medium
VDR,iDeals,https://www.idealsvdr.com,leader,M&A/legal/funds,Due-diligence virtual data room,contact-sales,Current commercial product—direct official URL captured,2026-08-17,Medium
VDR,Intralinks,https://www.intralinks.com,leader,M&A/financial services,Due-diligence virtual data room,contact-sales,Current commercial product—direct official URL captured,2026-08-17,Medium
VDR,Firmex,https://www.firmex.com,challenger,M&A/legal,Due-diligence virtual data room,contact-sales,Current commercial product—direct official URL captured,2026-08-17,Medium
VDR,Ansarada,https://www.ansarada.com,challenger,M&A/governance,Due-diligence virtual data room,contact-sales,Current commercial product—direct official URL captured,2026-08-17,Medium
VDR,ShareFile,https://www.sharefile.com,challenger,Professional services,Secure client-file sharing,subscription/contact-sales,Current commercial product—direct official URL captured,2026-08-17,Medium
VDR,SecureDocs,https://www.securedocs.com,challenger,M&A/SMB,Due-diligence virtual data room,subscription/contact-sales,Current commercial product—direct official URL captured,2026-08-17,Medium
VDR,DFIN Venue,https://www.dfinsolutions.com/products/venue,challenger,Public company/M&A,Due-diligence virtual data room,contact-sales,Current commercial product—direct official URL captured,2026-08-17,Medium
VDR,DealRoom,https://dealroom.net,challenger,M&A/corporate development,Deal management and virtual data room,contact-sales,Current commercial product—direct official URL captured,2026-08-17,Medium
VDR,Digify,https://digify.com,niche,SMB/professional services,Secure document sharing and data rooms,subscription,Current commercial product—direct official URL captured,2026-08-17,Medium
GRC,Vanta,https://www.vanta.com,leader,Security/compliance,Automate compliance evidence and controls,contact-sales,Current commercial product—direct official URL captured,2026-08-17,Medium
GRC,Drata,https://drata.com,leader,Security/compliance,Automate compliance evidence and controls,contact-sales,Current commercial product—direct official URL captured,2026-08-17,Medium
GRC,Secureframe,https://secureframe.com,challenger,Security/compliance,Compliance automation,contact-sales,Current commercial product—direct official URL captured,2026-08-17,Medium
GRC,Sprinto,https://sprinto.com,challenger,Security/compliance,Compliance automation,contact-sales,Current commercial product—direct official URL captured,2026-08-17,Medium
GRC,AuditBoard,https://www.auditboard.com,leader,Enterprise audit/risk,Audit risk and compliance management,contact-sales,Current commercial product—direct official URL captured,2026-08-17,Medium
GRC,Workiva,https://www.workiva.com,leader,Enterprise finance/risk,Assurance reporting and GRC,contact-sales,Current commercial product—direct official URL captured,2026-08-17,Medium
GRC,Hyperproof,https://hyperproof.io,challenger,Security/compliance,Compliance operations,contact-sales,Current commercial product—direct official URL captured,2026-08-17,Medium
GRC,Thoropass,https://thoropass.com,challenger,Security/compliance,Compliance automation and audit services,contact-sales,Current commercial product—direct official URL captured,2026-08-17,Medium
GRC,Scytale,https://scytale.ai,challenger,Security/compliance,Compliance automation,contact-sales,Current commercial product—direct official URL captured,2026-08-17,Medium
GRC,LogicGate,https://www.logicgate.com,challenger,Enterprise risk/compliance,Risk and compliance workflow platform,contact-sales,Current commercial product—direct official URL captured,2026-08-17,Medium
Procurement,SAP Ariba,https://www.sap.com/products/spend-management/ariba.html,leader,Enterprise procurement,Source-to-pay and supplier management,contact-sales,Current commercial product—direct official URL captured,2026-08-17,Medium
Procurement,Coupa,https://www.coupa.com,leader,Enterprise procurement/finance,Business spend management,contact-sales,Current commercial product—direct official URL captured,2026-08-17,Medium
Procurement,Oracle Fusion Procurement,https://www.oracle.com/erp/procurement,leader,Enterprise procurement,Procurement suite,contact-sales,Current commercial product—direct official URL captured,2026-08-17,Medium
Procurement,GEP SMART,https://www.gep.com/software/gep-smart,challenger,Enterprise procurement,Source-to-pay,contact-sales,Current commercial product—direct official URL captured,2026-08-17,Medium
Procurement,Ivalua,https://www.ivalua.com,challenger,Enterprise procurement,Source-to-pay and supplier management,contact-sales,Current commercial product—direct official URL captured,2026-08-17,Medium
Procurement,JAGGAER,https://www.jaggaer.com,challenger,Enterprise procurement,Source-to-pay,contact-sales,Current commercial product—direct official URL captured,2026-08-17,Medium
Procurement,Zip,https://ziphq.com,challenger,Procurement/finance,Procurement intake and orchestration,contact-sales,Current commercial product—direct official URL captured,2026-08-17,Medium
Procurement,Basware,https://www.basware.com,challenger,Finance/procurement,Procure-to-pay and invoicing,contact-sales,Current commercial product—direct official URL captured,2026-08-17,Medium
Procurement,Procurify,https://www.procurify.com,challenger,Mid-market finance/procurement,Spend and purchasing control,contact-sales,Current commercial product—direct official URL captured,2026-08-17,Medium
Procurement,Precoro,https://precoro.com,challenger,Mid-market procurement,Procurement workflow,subscription/contact-sales,Current commercial product—direct official URL captured,2026-08-17,Medium
PaaS,Vercel,https://vercel.com,leader,Developers,Deploy and operate web applications,usage/subscription,Current commercial product—direct official URL captured,2026-08-17,Medium
PaaS,Netlify,https://www.netlify.com,leader,Developers,Deploy and operate web applications,usage/subscription,Current commercial product—direct official URL captured,2026-08-17,Medium
PaaS,Render,https://render.com,challenger,Developers,Deploy and operate applications,usage/subscription,Current commercial product—direct official URL captured,2026-08-17,Medium
PaaS,Railway,https://railway.com,challenger,Developers,Deploy and operate applications,usage/subscription,Current commercial product—direct official URL captured,2026-08-17,Medium
PaaS,Fly.io,https://fly.io,challenger,Developers,Deploy distributed applications,usage/subscription,Current commercial product—direct official URL captured,2026-08-17,Medium
PaaS,Heroku,https://www.heroku.com,leader,Developers,Deploy and operate applications,usage/subscription,Current commercial product—direct official URL captured,2026-08-17,Medium
PaaS,Northflank,https://northflank.com,challenger,Developers/platform teams,Deploy and operate applications,usage/subscription,Current commercial product—direct official URL captured,2026-08-17,Medium
PaaS,Google Cloud Run,https://cloud.google.com/run,leader,Developers/platform teams,Run containers serverlessly,usage,Current commercial product—direct official URL captured,2026-08-17,Medium
PaaS,AWS App Runner,https://aws.amazon.com/apprunner,leader,Developers/platform teams,Run containers as managed applications,usage,Current commercial product—direct official URL captured,2026-08-17,Medium
PaaS,DigitalOcean App Platform,https://www.digitalocean.com/products/app-platform,challenger,Developers/SMB,Deploy and operate applications,usage/subscription,Current commercial product—direct official URL captured,2026-08-17,Medium
Observability,Datadog,https://www.datadoghq.com,leader,Engineering/SRE,Metrics logs traces and incident detection,usage/contact-sales,Current commercial product—direct official URL captured,2026-08-17,Medium
Observability,Grafana Cloud,https://grafana.com/products/cloud,leader,Engineering/SRE,Metrics logs traces and visualization,usage/subscription,Current commercial product—direct official URL captured,2026-08-17,Medium
Observability,Dynatrace,https://www.dynatrace.com,leader,Enterprise IT/SRE,Full-stack observability,contact-sales,Current commercial product—direct official URL captured,2026-08-17,Medium
Observability,New Relic,https://newrelic.com,leader,Engineering/SRE,Application performance monitoring,usage/subscription,Current commercial product—direct official URL captured,2026-08-17,Medium
Observability,Splunk Observability Cloud,https://www.splunk.com/en_us/products/observability.html,leader,Enterprise IT/SRE,Metrics logs traces and APM,contact-sales,Current commercial product—direct official URL captured,2026-08-17,Medium
Observability,Elastic Observability,https://www.elastic.co/observability,challenger,Engineering/SRE,Logs metrics traces and APM,usage/subscription,Current commercial product—direct official URL captured,2026-08-17,Medium
Observability,Chronosphere,https://chronosphere.io,challenger,Cloud-native engineering,Cloud-native observability,contact-sales,Current commercial product—direct official URL captured,2026-08-17,Medium
Observability,AppDynamics,https://www.appdynamics.com,challenger,Enterprise IT,Application observability,contact-sales,Current commercial product—direct official URL captured,2026-08-17,Medium
Observability,Sentry,https://sentry.io,challenger,Developers,Error monitoring and application performance,usage/subscription,Current commercial product—direct official URL captured,2026-08-17,Medium
Observability,Honeycomb,https://www.honeycomb.io,challenger,Engineering/SRE,Observability and debugging,usage/contact-sales,Current commercial product—direct official URL captured,2026-08-17,Medium
Workflow automation,Zapier,https://zapier.com,leader,Operations/SMB,Automate SaaS workflows,subscription/usage,Current commercial product—direct official URL captured,2026-08-17,Medium
Workflow automation,Make,https://www.make.com,leader,Operations/SMB,Visual SaaS automation,subscription/usage,Current commercial product—direct official URL captured,2026-08-17,Medium
Workflow automation,Workato,https://www.workato.com,leader,Enterprise IT/Operations,Enterprise integration and automation,contact-sales,Current commercial product—direct official URL captured,2026-08-17,Medium
Workflow automation,Microsoft Power Automate,https://www.microsoft.com/power-platform/products/power-automate,leader,Enterprise IT/Operations,Workflow automation,subscription,Current commercial product—direct official URL captured,2026-08-17,Medium
Workflow automation,Celigo,https://www.celigo.com,challenger,Operations/IT,Integration and automation,contact-sales,Current commercial product—direct official URL captured,2026-08-17,Medium
Workflow automation,Boomi,https://boomi.com,leader,Enterprise IT,Integration platform and automation,contact-sales,Current commercial product—direct official URL captured,2026-08-17,Medium
Workflow automation,MuleSoft,https://www.mulesoft.com,leader,Enterprise IT,API integration and automation,contact-sales,Current commercial product—direct official URL captured,2026-08-17,Medium
Workflow automation,Tray.io,https://tray.ai,challenger,Enterprise operations,Automation and integration,contact-sales,Current commercial product—direct official URL captured,2026-08-17,Medium
Workflow automation,Pipedream,https://pipedream.com,challenger,Developers,Code-first workflow automation,usage/subscription,Current commercial product—direct official URL captured,2026-08-17,Medium
Workflow automation,n8n,https://n8n.io,challenger,Technical operations,Workflow automation,subscription/self-hosted,Current commercial product—direct official URL captured,2026-08-17,Medium
Internal tools,Retool,https://retool.com,leader,Operations/IT,Build internal business applications,subscription/contact-sales,Current commercial product—direct official URL captured,2026-08-17,Medium
Internal tools,Microsoft Power Apps,https://www.microsoft.com/power-platform/products/power-apps,leader,Enterprise IT,Build internal business applications,subscription,Current commercial product—direct official URL captured,2026-08-17,Medium
Internal tools,OutSystems,https://www.outsystems.com,leader,Enterprise IT,Low-code application development,contact-sales,Current commercial product—direct official URL captured,2026-08-17,Medium
Internal tools,Mendix,https://www.mendix.com,leader,Enterprise IT,Low-code application development,contact-sales,Current commercial product—direct official URL captured,2026-08-17,Medium
Internal tools,Appian,https://appian.com,leader,Enterprise IT,Low-code workflow applications,contact-sales,Current commercial product—direct official URL captured,2026-08-17,Medium
Internal tools,ServiceNow App Engine,https://www.servicenow.com/products/app-engine.html,leader,Enterprise IT,Low-code enterprise workflows,contact-sales,Current commercial product—direct official URL captured,2026-08-17,Medium
Internal tools,Appsmith,https://www.appsmith.com,challenger,Developers/Operations,Build internal applications,subscription/self-hosted,Current commercial product—direct official URL captured,2026-08-17,Medium
Internal tools,ToolJet,https://www.tooljet.com,challenger,Developers/Operations,Build internal applications,subscription/self-hosted,Current commercial product—direct official URL captured,2026-08-17,Medium
Internal tools,Budibase,https://budibase.com,challenger,Developers/Operations,Build internal applications,subscription/self-hosted,Current commercial product—direct official URL captured,2026-08-17,Medium
Internal tools,Superblocks,https://www.superblocks.com,challenger,Enterprise engineering,Build internal applications,contact-sales,Current commercial product—direct official URL captured,2026-08-17,Medium
Business intelligence,Microsoft Power BI,https://www.microsoft.com/power-platform/products/power-bi,leader,Data/business teams,Governed dashboards and reporting,subscription,Current commercial product—direct official URL captured,2026-08-17,Medium
Business intelligence,Tableau,https://www.tableau.com,leader,Data/business teams,Analytics dashboards and reporting,subscription/contact-sales,Current commercial product—direct official URL captured,2026-08-17,Medium
Business intelligence,Looker,https://cloud.google.com/looker,leader,Data/business teams,Governed analytics and semantic modeling,contact-sales,Current commercial product—direct official URL captured,2026-08-17,Medium
Business intelligence,ThoughtSpot,https://www.thoughtspot.com,challenger,Data/business teams,Search and AI analytics,contact-sales,Current commercial product—direct official URL captured,2026-08-17,Medium
Business intelligence,Sigma,https://www.sigmacomputing.com,challenger,Data/business teams,Cloud spreadsheet analytics,contact-sales,Current commercial product—direct official URL captured,2026-08-17,Medium
Business intelligence,Qlik,https://www.qlik.com,leader,Data/business teams,Analytics and data integration,contact-sales,Current commercial product—direct official URL captured,2026-08-17,Medium
Business intelligence,Domo,https://www.domo.com,challenger,Data/business teams,Cloud BI and dashboards,contact-sales,Current commercial product—direct official URL captured,2026-08-17,Medium
Business intelligence,MicroStrategy,https://www.microstrategy.com,leader,Enterprise data/business,Enterprise analytics,contact-sales,Current commercial product—direct official URL captured,2026-08-17,Medium
Business intelligence,Sisense,https://www.sisense.com,challenger,Product/data teams,Embedded analytics,contact-sales,Current commercial product—direct official URL captured,2026-08-17,Medium
Business intelligence,SAP Analytics Cloud,https://www.sap.com/products/data-cloud/cloud-analytics.html,leader,SAP customers,Planning and analytics,contact-sales,Current commercial product—direct official URL captured,2026-08-17,Medium
CRM,Salesforce,https://www.salesforce.com,leader,Sales/Revenue operations,Manage accounts pipeline and customer relationships,subscription/contact-sales,Current commercial product—direct official URL captured,2026-08-17,Medium
CRM,HubSpot CRM,https://www.hubspot.com/products/crm,leader,Sales/Marketing/SMB,Manage accounts pipeline and customer relationships,subscription,Current commercial product—direct official URL captured,2026-08-17,Medium
CRM,Microsoft Dynamics 365 Sales,https://www.microsoft.com/dynamics-365/products/sales,leader,Enterprise sales,Manage accounts pipeline and customer relationships,subscription/contact-sales,Current commercial product—direct official URL captured,2026-08-17,Medium
CRM,Zoho CRM,https://www.zoho.com/crm,challenger,SMB/mid-market,Manage accounts pipeline and customer relationships,subscription,Current commercial product—direct official URL captured,2026-08-17,Medium
CRM,Pipedrive,https://www.pipedrive.com,challenger,SMB sales,Manage sales pipeline,subscription,Current commercial product—direct official URL captured,2026-08-17,Medium
CRM,Freshsales,https://www.freshworks.com/crm/sales,challenger,SMB sales,Manage sales pipeline,subscription,Current commercial product—direct official URL captured,2026-08-17,Medium
CRM,Oracle CX Sales,https://www.oracle.com/cx/sales,leader,Enterprise sales,Manage enterprise sales operations,contact-sales,Current commercial product—direct official URL captured,2026-08-17,Medium
CRM,SAP Sales Cloud,https://www.sap.com/products/crm/sales.html,leader,SAP enterprise customers,Manage enterprise sales operations,contact-sales,Current commercial product—direct official URL captured,2026-08-17,Medium
CRM,Creatio,https://www.creatio.com,challenger,Mid-market operations,No-code CRM and workflow,contact-sales,Current commercial product—direct official URL captured,2026-08-17,Medium
CRM,monday CRM,https://monday.com/crm,challenger,SMB/mid-market sales,Manage sales pipeline,subscription,Current commercial product—direct official URL captured,2026-08-17,Medium
Sales engagement,Outreach,https://www.outreach.io,leader,Sales/RevOps,Prospecting sequencing and engagement,contact-sales,Current commercial product—direct official URL captured,2026-08-17,Medium
Sales engagement,Salesloft,https://www.salesloft.com,leader,Sales/RevOps,Prospecting sequencing and engagement,contact-sales,Current commercial product—direct official URL captured,2026-08-17,Medium
Sales engagement,Apollo,https://www.apollo.io,challenger,SMB/mid-market sales,Prospecting data and sequencing,subscription,Current commercial product—direct official URL captured,2026-08-17,Medium
Sales engagement,Gong,https://www.gong.io,leader,Sales/RevOps,Conversation intelligence,contact-sales,Current commercial product—direct official URL captured,2026-08-17,Medium
Sales engagement,Clari,https://www.clari.com,leader,Revenue leadership,Revenue intelligence and forecasting,contact-sales,Current commercial product—direct official URL captured,2026-08-17,Medium
Sales engagement,ZoomInfo,https://www.zoominfo.com,leader,Sales/RevOps,Prospect data and sales intelligence,contact-sales,Current commercial product—direct official URL captured,2026-08-17,Medium
Sales engagement,HubSpot Sales Hub,https://www.hubspot.com/products/sales,challenger,SMB/mid-market sales,Sales engagement and CRM,subscription,Current commercial product—direct official URL captured,2026-08-17,Medium
Sales engagement,6sense,https://6sense.com,challenger,B2B marketing/sales,Account intelligence and intent,contact-sales,Current commercial product—direct official URL captured,2026-08-17,Medium
Sales engagement,Clay,https://www.clay.com,challenger,GTM operations,Prospecting enrichment and workflows,subscription,Current commercial product—direct official URL captured,2026-08-17,Medium
Sales engagement,Groove,https://www.groove.co,challenger,Sales teams,Sales engagement,contact-sales,Current commercial product—direct official URL captured,2026-08-17,Medium
Marketing automation,HubSpot Marketing Hub,https://www.hubspot.com/products/marketing,leader,Marketing/demand generation,Campaign and lifecycle automation,subscription,Current commercial product—direct official URL captured,2026-08-17,Medium
Marketing automation,Adobe Marketo Engage,https://business.adobe.com/products/marketo/adobe-marketo.html,leader,Enterprise marketing,B2B marketing automation,contact-sales,Current commercial product—direct official URL captured,2026-08-17,Medium
Marketing automation,Braze,https://www.braze.com,leader,Consumer marketing,Lifecycle engagement automation,contact-sales,Current commercial product—direct official URL captured,2026-08-17,Medium
Marketing automation,Iterable,https://iterable.com,challenger,Consumer marketing,Lifecycle engagement automation,contact-sales,Current commercial product—direct official URL captured,2026-08-17,Medium
Marketing automation,Klaviyo,https://www.klaviyo.com,leader,Commerce marketing,Email and SMS marketing automation,usage/subscription,Current commercial product—direct official URL captured,2026-08-17,Medium
Marketing automation,Customer.io,https://customer.io,challenger,Product/lifecycle marketing,Messaging and lifecycle automation,usage/subscription,Current commercial product—direct official URL captured,2026-08-17,Medium
Marketing automation,ActiveCampaign,https://www.activecampaign.com,challenger,SMB marketing,Marketing automation and CRM,subscription,Current commercial product—direct official URL captured,2026-08-17,Medium
Marketing automation,Salesforce Marketing Cloud,https://www.salesforce.com/marketing,leader,Enterprise marketing,Cross-channel marketing automation,contact-sales,Current commercial product—direct official URL captured,2026-08-17,Medium
Marketing automation,Oracle Eloqua,https://www.oracle.com/cx/marketing/marketing-automation,leader,Enterprise B2B marketing,B2B marketing automation,contact-sales,Current commercial product—direct official URL captured,2026-08-17,Medium
Marketing automation,Salesforce Account Engagement,https://www.salesforce.com/marketing/b2b-automation,challenger,B2B marketing,B2B marketing automation,contact-sales,Current commercial product—direct official URL captured,2026-08-17,Medium
CDP,Twilio Segment,https://segment.com,leader,Marketing/data teams,Unify customer data and audiences,usage/contact-sales,Current commercial product—direct official URL captured,2026-08-17,Medium
CDP,mParticle,https://www.mparticle.com,challenger,Enterprise marketing/data,Customer data platform,contact-sales,Current commercial product—direct official URL captured,2026-08-17,Medium
CDP,Tealium,https://tealium.com,leader,Enterprise marketing/data,Customer data platform,contact-sales,Current commercial product—direct official URL captured,2026-08-17,Medium
CDP,Adobe Real-Time CDP,https://business.adobe.com/products/real-time-customer-data-platform/adobe-real-time-cdp.html,leader,Enterprise marketing/data,Customer data platform,contact-sales,Current commercial product—direct official URL captured,2026-08-17,Medium
CDP,Salesforce Data Cloud,https://www.salesforce.com/data,leader,Salesforce enterprises,Customer data platform,contact-sales,Current commercial product—direct official URL captured,2026-08-17,Medium
CDP,Bloomreach Engagement,https://www.bloomreach.com/en/products/engagement,challenger,Commerce marketing,Customer data and engagement,contact-sales,Current commercial product—direct official URL captured,2026-08-17,Medium
CDP,Insider,https://useinsider.com,challenger,Consumer marketing,Customer data and journey orchestration,contact-sales,Current commercial product—direct official URL captured,2026-08-17,Medium
CDP,WebEngage,https://webengage.com,challenger,Consumer marketing,Customer data and engagement,contact-sales,Current commercial product—direct official URL captured,2026-08-17,Medium
CDP,Treasure Data,https://www.treasuredata.com,challenger,Enterprise data/marketing,Customer data platform,contact-sales,Current commercial product—direct official URL captured,2026-08-17,Medium
CDP,ActionIQ,https://www.actioniq.com,challenger,Enterprise marketing,Customer data platform,contact-sales,Current commercial product—direct official URL captured,2026-08-17,Medium
Customer success,Gainsight,https://www.gainsight.com,leader,Customer success/revenue,Customer health renewals and expansion,contact-sales,Current commercial product—direct official URL captured,2026-08-17,Medium
Customer success,ChurnZero,https://churnzero.com,challenger,Customer success,Customer health renewals and expansion,contact-sales,Current commercial product—direct official URL captured,2026-08-17,Medium
Customer success,Totango,https://www.totango.com,challenger,Customer success,Customer health renewals and expansion,contact-sales,Current commercial product—direct official URL captured,2026-08-17,Medium
Customer success,Planhat,https://www.planhat.com,challenger,Customer success,Customer health renewals and expansion,contact-sales,Current commercial product—direct official URL captured,2026-08-17,Medium
Customer success,Vitally,https://www.vitally.io,challenger,Customer success,Customer health renewals and expansion,contact-sales,Current commercial product—direct official URL captured,2026-08-17,Medium
Customer success,Catalyst,https://www.catalyst.io,challenger,Customer success,Customer health renewals and expansion,contact-sales,Current commercial product—direct official URL captured,2026-08-17,Medium
Customer success,ClientSuccess,https://www.clientsuccess.com,challenger,Customer success,Customer health renewals and expansion,contact-sales,Current commercial product—direct official URL captured,2026-08-17,Medium
Customer success,Custify,https://www.custify.com,challenger,Customer success,Customer health renewals and expansion,subscription/contact-sales,Current commercial product—direct official URL captured,2026-08-17,Medium
Customer success,SmartKarrot,https://www.smartkarrot.com,challenger,Customer success,Customer success management,contact-sales,Current commercial product—direct official URL captured,2026-08-17,Medium
Customer success,EverAfter,https://www.everafter.ai,niche,Customer success,Digital customer success,contact-sales,Current commercial product—direct official URL captured,2026-08-17,Medium
HRIS,Workday,https://www.workday.com,leader,Enterprise HR,Employee system of record and HCM,contact-sales,Current commercial product—direct official URL captured,2026-08-17,Medium
HRIS,Rippling,https://www.rippling.com,leader,HR/IT/finance,Employee system of record and workforce operations,subscription/contact-sales,Current commercial product—direct official URL captured,2026-08-17,Medium
HRIS,BambooHR,https://www.bamboohr.com,leader,SMB/mid-market HR,Employee system of record and HR operations,subscription,Current commercial product—direct official URL captured,2026-08-17,Medium
HRIS,HiBob,https://www.hibob.com,challenger,Mid-market HR,Employee system of record and HR operations,contact-sales,Current commercial product—direct official URL captured,2026-08-17,Medium
HRIS,Deel HR,https://www.deel.com/hr,challenger,Global HR,Global workforce HR and compliance,subscription/contact-sales,Current commercial product—direct official URL captured,2026-08-17,Medium
HRIS,ADP Workforce Now,https://www.adp.com/what-we-offer/products/adp-workforce-now.aspx,leader,Mid-market HR/payroll,HR and payroll,contact-sales,Current commercial product—direct official URL captured,2026-08-17,Medium
HRIS,UKG Pro,https://www.ukg.com/products/ukg-pro,leader,Enterprise HR/payroll,HCM and payroll,contact-sales,Current commercial product—direct official URL captured,2026-08-17,Medium
HRIS,Paylocity,https://www.paylocity.com,challenger,Mid-market HR/payroll,HCM and payroll,contact-sales,Current commercial product—direct official URL captured,2026-08-17,Medium
HRIS,Gusto,https://gusto.com,leader,SMB HR/payroll,Payroll and HR,subscription,Current commercial product—direct official URL captured,2026-08-17,Medium
HRIS,Personio,https://www.personio.com,leader,European SMB/mid-market HR,HRIS and payroll-adjacent operations,contact-sales,Current commercial product—direct official URL captured,2026-08-17,Medium
ATS,Greenhouse,https://www.greenhouse.com,leader,Talent acquisition,Applicant tracking and recruiting,contact-sales,Current commercial product—direct official URL captured,2026-08-17,Medium
ATS,Lever,https://www.lever.co,leader,Talent acquisition,Applicant tracking and recruiting,contact-sales,Current commercial product—direct official URL captured,2026-08-17,Medium
ATS,Ashby,https://www.ashbyhq.com,challenger,Talent acquisition,Recruiting operations and ATS,contact-sales,Current commercial product—direct official URL captured,2026-08-17,Medium
ATS,Workable,https://www.workable.com,challenger,SMB/mid-market talent,Talent acquisition and ATS,subscription/contact-sales,Current commercial product—direct official URL captured,2026-08-17,Medium
ATS,SmartRecruiters,https://www.smartrecruiters.com,leader,Enterprise talent,Talent acquisition suite,contact-sales,Current commercial product—direct official URL captured,2026-08-17,Medium
ATS,iCIMS,https://www.icims.com,leader,Enterprise talent,Talent acquisition suite,contact-sales,Current commercial product—direct official URL captured,2026-08-17,Medium
ATS,Jobvite,https://www.jobvite.com,challenger,Mid-market talent,Talent acquisition suite,contact-sales,Current commercial product—direct official URL captured,2026-08-17,Medium
ATS,Teamtailor,https://www.teamtailor.com,challenger,Mid-market talent,Applicant tracking and employer brand,subscription/contact-sales,Current commercial product—direct official URL captured,2026-08-17,Medium
ATS,Pinpoint,https://www.pinpointhq.com,challenger,Mid-market talent,Applicant tracking,contact-sales,Current commercial product—direct official URL captured,2026-08-17,Medium
ATS,BambooHR Hiring,https://www.bamboohr.com/platform/applicant-tracking-system/,challenger,SMB HR,Applicant tracking,subscription,Current commercial product—direct official URL corrected after live check,2026-08-17,High
Expense/spend,Ramp,https://ramp.com,leader,Finance,Corporate cards spend controls and expense management,contact-sales,Current commercial product—direct official URL captured,2026-08-17,Medium
Expense/spend,Brex,https://www.brex.com,leader,Finance,Corporate cards spend controls and expense management,contact-sales,Current commercial product—direct official URL captured,2026-08-17,Medium
Expense/spend,BILL Spend & Expense,https://www.bill.com,leader,SMB/mid-market finance,Spend and expense management,subscription/contact-sales,Current commercial product—direct official URL captured,2026-08-17,Medium
Expense/spend,Navan,https://navan.com,leader,Finance/travel,Travel and expense management,contact-sales,Current commercial product—direct official URL captured,2026-08-17,Medium
Expense/spend,Payhawk,https://payhawk.com,challenger,European finance,Spend and expense management,contact-sales,Current commercial product—direct official URL captured,2026-08-17,Medium
Expense/spend,Rippling Spend,https://www.rippling.com/spend,challenger,Finance/HR,Corporate cards and expense controls,contact-sales,Current commercial product—direct official URL captured,2026-08-17,Medium
Expense/spend,Airbase,https://www.airbase.com,challenger,Mid-market finance,Spend management,contact-sales,Current commercial product—direct official URL captured,2026-08-17,Medium
Expense/spend,Expensify,https://www.expensify.com,challenger,SMB finance,Expense reporting and reimbursement,subscription,Current commercial product—direct official URL captured,2026-08-17,Medium
Expense/spend,Coupa Expenses,https://www.coupa.com/products/expense-management,challenger,Enterprise finance,Expense management,contact-sales,Current commercial product—direct official URL captured,2026-08-17,Medium
Expense/spend,SAP Concur,https://www.concur.com,leader,Enterprise finance,Travel and expense management,contact-sales,Current commercial product—direct official URL captured,2026-08-17,Medium
Accounting/ERP,QuickBooks,https://quickbooks.intuit.com,leader,SMB finance,Accounting invoicing and reporting,subscription,Current commercial product—direct official URL captured,2026-08-17,Medium
Accounting/ERP,Xero,https://www.xero.com,leader,SMB finance,Accounting invoicing and reporting,subscription,Current commercial product—direct official URL captured,2026-08-17,Medium
Accounting/ERP,NetSuite,https://www.netsuite.com,leader,Mid-market/enterprise finance,Cloud ERP,contact-sales,Current commercial product—direct official URL captured,2026-08-17,Medium
Accounting/ERP,Sage Intacct,https://www.sage.com/en-us/products/sage-intacct,leader,Mid-market finance,Cloud accounting and ERP,contact-sales,Current commercial product—direct official URL captured,2026-08-17,Medium
Accounting/ERP,Microsoft Dynamics 365 Finance,https://www.microsoft.com/dynamics-365/products/finance,leader,Enterprise finance,Financial ERP,contact-sales,Current commercial product—direct official URL captured,2026-08-17,Medium
Accounting/ERP,SAP S/4HANA,https://www.sap.com/products/erp/s4hana.html,leader,Enterprise finance,Enterprise ERP,contact-sales,Current commercial product—direct official URL captured,2026-08-17,Medium
Accounting/ERP,Oracle Fusion Cloud ERP,https://www.oracle.com/erp,leader,Enterprise finance,Enterprise ERP,contact-sales,Current commercial product—direct official URL captured,2026-08-17,Medium
Accounting/ERP,Odoo,https://www.odoo.com,challenger,SMB/mid-market,Modular ERP,subscription/self-hosted,Current commercial product—direct official URL captured,2026-08-17,Medium
Accounting/ERP,Acumatica,https://www.acumatica.com,challenger,Mid-market finance,Cloud ERP,contact-sales,Current commercial product—direct official URL captured,2026-08-17,Medium
Accounting/ERP,FreshBooks,https://www.freshbooks.com,challenger,SMB finance,Accounting and invoicing,subscription,Current commercial product—direct official URL captured,2026-08-17,Medium
Project/work management,Jira,https://www.atlassian.com/software/jira,leader,Product/engineering/PMO,Plan track and deliver work,subscription/contact-sales,Current commercial product—direct official URL captured,2026-08-17,Medium
Project/work management,Asana,https://asana.com,leader,Cross-functional teams,Plan track and deliver work,subscription/contact-sales,Current commercial product—direct official URL captured,2026-08-17,Medium
Project/work management,monday.com,https://monday.com,leader,Cross-functional teams,Plan track and deliver work,subscription/contact-sales,Current commercial product—direct official URL captured,2026-08-17,Medium
Project/work management,ClickUp,https://clickup.com,challenger,Cross-functional teams,Plan track and deliver work,subscription/contact-sales,Current commercial product—direct official URL captured,2026-08-17,Medium
Project/work management,Smartsheet,https://www.smartsheet.com,leader,PMO/operations,Work management and portfolio planning,contact-sales,Current commercial product—direct official URL captured,2026-08-17,Medium
Project/work management,Wrike,https://www.wrike.com,challenger,PMO/marketing,Work management,contact-sales,Current commercial product—direct official URL captured,2026-08-17,Medium
Project/work management,Linear,https://linear.app,challenger,Product/engineering,Issue tracking and product development,subscription,Current commercial product—direct official URL captured,2026-08-17,Medium
Project/work management,Basecamp,https://basecamp.com,challenger,SMB teams,Project collaboration,subscription,Current commercial product—direct official URL captured,2026-08-17,Medium
Project/work management,Microsoft Project,https://www.microsoft.com/microsoft-365/project/project-management-software,leader,PMO,Project planning and portfolio management,subscription,Current commercial product—direct official URL captured,2026-08-17,Medium
Project/work management,Planview,https://www.planview.com,leader,Enterprise PMO,Portfolio and work management,contact-sales,Current commercial product—direct official URL captured,2026-08-17,Medium
Knowledge management,Confluence,https://www.atlassian.com/software/confluence,leader,Enterprise/product teams,Team knowledge and documentation,subscription/contact-sales,Current commercial product—direct official URL captured,2026-08-17,Medium
Knowledge management,Notion,https://www.notion.com,leader,Cross-functional teams,Workspace knowledge and collaboration,subscription,Current commercial product—direct official URL captured,2026-08-17,Medium
Knowledge management,Guru,https://www.getguru.com,challenger,Support/revenue teams,Verified organizational knowledge,contact-sales,Current commercial product—direct official URL captured,2026-08-17,Medium
Knowledge management,Slite,https://slite.com,challenger,SMB/mid-market teams,Team knowledge and documentation,subscription,Current commercial product—direct official URL captured,2026-08-17,Medium
Knowledge management,Coda,https://coda.io,challenger,Operations/product teams,Collaborative documents and workflows,subscription,Current commercial product—direct official URL captured,2026-08-17,Medium
Knowledge management,Document360,https://document360.com,challenger,Support/product teams,Knowledge base and documentation,subscription/contact-sales,Current commercial product—direct official URL captured,2026-08-17,Medium
Knowledge management,Nuclino,https://www.nuclino.com,challenger,SMB teams,Team wiki and knowledge management,subscription,Current commercial product—direct official URL captured,2026-08-17,Medium
Knowledge management,GitBook,https://www.gitbook.com,challenger,Developer/product teams,Product and developer documentation,subscription/contact-sales,Current commercial product—direct official URL captured,2026-08-17,Medium
Knowledge management,Tettra,https://tettra.com,niche,SMB teams,Internal knowledge base,subscription,Current commercial product—direct official URL captured,2026-08-17,Medium
Knowledge management,Microsoft SharePoint,https://www.microsoft.com/microsoft-365/sharepoint/collaboration,leader,Enterprise IT/operations,Knowledge and intranet content management,subscription,Current commercial product—direct official URL captured,2026-08-17,Medium
File collaboration/ECM,Microsoft SharePoint,https://www.microsoft.com/microsoft-365/sharepoint/collaboration,leader,Enterprise IT/operations,Document management collaboration and governance,subscription,Current commercial product—direct official URL captured,2026-08-17,Medium
File collaboration/ECM,Box,https://www.box.com,leader,Enterprise IT/operations,Content cloud and secure collaboration,subscription/contact-sales,Current commercial product—direct official URL captured,2026-08-17,Medium
File collaboration/ECM,Dropbox Business,https://www.dropbox.com/business,leader,SMB/enterprise teams,File sharing and collaboration,subscription,Current commercial product—direct official URL captured,2026-08-17,Medium
File collaboration/ECM,Google Drive,https://workspace.google.com/products/drive,leader,Every business function,Cloud file collaboration,subscription,Current commercial product—direct official URL captured,2026-08-17,Medium
File collaboration/ECM,Egnyte,https://www.egnyte.com,challenger,Regulated/professional services,Content governance and collaboration,contact-sales,Current commercial product—direct official URL captured,2026-08-17,Medium
File collaboration/ECM,OpenText Content Management,https://www.opentext.com/products/content-management,leader,Enterprise IT/operations,Enterprise content management,contact-sales,Current commercial product—direct official URL captured,2026-08-17,Medium
File collaboration/ECM,M-Files,https://www.m-files.com,challenger,Knowledge-intensive enterprises,Document management and governance,contact-sales,Current commercial product—direct official URL captured,2026-08-17,Medium
File collaboration/ECM,Alfresco,https://www.alfresco.com,challenger,Enterprise IT,Content management and process services,contact-sales,Current commercial product—direct official URL captured,2026-08-17,Medium
File collaboration/ECM,Hyland,https://www.hyland.com,leader,Enterprise IT/regulated industries,Content services and document management,contact-sales,Current commercial product—direct official URL captured,2026-08-17,Medium
File collaboration/ECM,DocuWare,https://start.docuware.com,challenger,Mid-market operations,Document management and workflow,contact-sales,Current commercial product—direct official URL captured,2026-08-17,Medium
Team communication,Slack,https://slack.com,leader,Every business function,Team messaging and collaboration,subscription/contact-sales,Current commercial product—direct official URL captured,2026-08-17,Medium
Team communication,Microsoft Teams,https://www.microsoft.com/microsoft-teams,leader,Enterprise collaboration,Messaging meetings and calling,subscription,Current commercial product—direct official URL captured,2026-08-17,Medium
Team communication,Zoom,https://www.zoom.com,leader,Every business function,Video meetings and collaboration,subscription/contact-sales,Current commercial product—direct official URL captured,2026-08-17,Medium
Team communication,Google Meet,https://workspace.google.com/products/meet,leader,Google Workspace users,Video meetings,subscription,Current commercial product—direct official URL captured,2026-08-17,Medium
Team communication,Cisco Webex,https://www.webex.com,leader,Enterprise collaboration,Meetings messaging and calling,subscription/contact-sales,Current commercial product—direct official URL captured,2026-08-17,Medium
Team communication,RingCentral,https://www.ringcentral.com,leader,Enterprise communications,UCaaS calling and messaging,contact-sales,Current commercial product—direct official URL captured,2026-08-17,Medium
Team communication,Dialpad,https://www.dialpad.com,challenger,Sales/support communications,AI-powered business communications,subscription/contact-sales,Current commercial product—direct official URL captured,2026-08-17,Medium
Team communication,8x8,https://www.8x8.com,challenger,Enterprise communications,UCaaS and contact center,contact-sales,Current commercial product—direct official URL captured,2026-08-17,Medium
Team communication,Loom,https://www.loom.com,challenger,Product/sales/operations,Asynchronous video collaboration,subscription,Current commercial product—direct official URL captured,2026-08-17,Medium
Team communication,Otter.ai,https://otter.ai,challenger,Knowledge workers,Meeting transcription and notes,subscription,Current commercial product—direct official URL captured,2026-08-17,Medium
Design/whiteboarding,Figma,https://www.figma.com,leader,Product/design teams,Collaborative interface design,subscription/contact-sales,Current commercial product—direct official URL captured,2026-08-17,Medium
Design/whiteboarding,Miro,https://miro.com,leader,Cross-functional teams,Collaborative whiteboarding,subscription/contact-sales,Current commercial product—direct official URL captured,2026-08-17,Medium
Design/whiteboarding,FigJam,https://www.figma.com/figjam,leader,Product/design teams,Collaborative whiteboarding,subscription,Current commercial product—direct official URL captured,2026-08-17,Medium
Design/whiteboarding,Lucid,https://lucid.co,leader,Cross-functional teams,Diagrams and whiteboarding,subscription/contact-sales,Current commercial product—direct official URL captured,2026-08-17,Medium
Design/whiteboarding,Canva,https://www.canva.com,leader,Marketing/design teams,Collaborative visual design,subscription/contact-sales,Current commercial product—direct official URL captured,2026-08-17,Medium
Design/whiteboarding,Adobe Creative Cloud,https://www.adobe.com/creativecloud.html,leader,Creative teams,Creative design suite,subscription,Current commercial product—direct official URL captured,2026-08-17,Medium
Design/whiteboarding,Sketch,https://www.sketch.com,challenger,Product/design teams,Interface design,subscription,Current commercial product—direct official URL captured,2026-08-17,Medium
Design/whiteboarding,Balsamiq,https://balsamiq.com,challenger,Product/design teams,Wireframing,subscription,Current commercial product—direct official URL captured,2026-08-17,Medium
Design/whiteboarding,Whimsical,https://whimsical.com,challenger,Product/design teams,Docs flowcharts and wireframes,subscription,Current commercial product—direct official URL captured,2026-08-17,Medium
Design/whiteboarding,Mural,https://www.mural.co,challenger,Enterprise collaboration,Collaborative whiteboarding,contact-sales,Current commercial product—direct official URL captured,2026-08-17,Medium
Billing/subscriptions,Stripe Billing,https://stripe.com/billing,leader,Finance/product teams,Subscription billing tax and revenue operations,usage,Current commercial product—direct official URL captured,2026-08-17,Medium
Billing/subscriptions,Chargebee,https://www.chargebee.com,leader,Finance/product teams,Subscription billing and revenue operations,contact-sales,Current commercial product—direct official URL captured,2026-08-17,Medium
Billing/subscriptions,Zuora,https://www.zuora.com,leader,Enterprise finance,Subscription billing and revenue operations,contact-sales,Current commercial product—direct official URL captured,2026-08-17,Medium
Billing/subscriptions,Recurly,https://recurly.com,challenger,Subscription businesses,Recurring billing,contact-sales,Current commercial product—direct official URL captured,2026-08-17,Medium
Billing/subscriptions,Paddle,https://www.paddle.com,challenger,SaaS finance/product,Merchant-of-record billing,usage,Current commercial product—direct official URL captured,2026-08-17,Medium
Billing/subscriptions,Maxio,https://www.maxio.com,challenger,B2B SaaS finance,Subscription billing and metrics,contact-sales,Current commercial product—direct official URL captured,2026-08-17,Medium
Billing/subscriptions,Orb,https://www.withorb.com,challenger,Usage-based SaaS,Usage-based billing,contact-sales,Current commercial product—direct official URL captured,2026-08-17,Medium
Billing/subscriptions,Billsby,https://www.billsby.com,niche,SMB SaaS,Subscription billing,subscription,Current commercial product—direct official URL captured,2026-08-17,Medium
Billing/subscriptions,RevenueCat,https://www.revenuecat.com,leader,Mobile product teams,Subscription infrastructure,usage,Current commercial product—direct official URL captured,2026-08-17,Medium
Billing/subscriptions,Salesforce Revenue Cloud,https://www.salesforce.com/revenue-cloud,leader,Enterprise revenue operations,Quote-to-cash and billing,contact-sales,Current commercial product—direct official URL captured,2026-08-17,Medium
IAM/CIAM,Okta,https://www.okta.com,leader,IT/security,Identity access management and SSO,subscription/contact-sales,Current commercial product—direct official URL captured,2026-08-17,Medium
IAM/CIAM,Auth0,https://auth0.com,leader,Developers/security,Customer identity and authentication,usage/subscription,Current commercial product—direct official URL captured,2026-08-17,Medium
IAM/CIAM,Microsoft Entra,https://www.microsoft.com/security/business/identity-access/microsoft-entra-id,leader,Enterprise IT/security,Identity access management and SSO,subscription,Current commercial product—direct official URL captured,2026-08-17,Medium
IAM/CIAM,Ping Identity,https://www.pingidentity.com,leader,Enterprise IT/security,Identity access management and SSO,contact-sales,Current commercial product—direct official URL captured,2026-08-17,Medium
IAM/CIAM,ForgeRock,https://www.pingidentity.com/en/platform/forgerock.html,leader,Enterprise IT/security,Customer identity and access management,contact-sales,Current commercial product—direct official URL captured,2026-08-17,Medium
IAM/CIAM,CyberArk,https://www.cyberark.com,leader,Enterprise security,Privileged access and identity security,contact-sales,Current commercial product—direct official URL captured,2026-08-17,Medium
IAM/CIAM,SailPoint,https://www.sailpoint.com,leader,Enterprise security,Identity governance and administration,contact-sales,Current commercial product—direct official URL captured,2026-08-17,Medium
IAM/CIAM,JumpCloud,https://jumpcloud.com,challenger,SMB/mid-market IT,Directory identity and device management,subscription/contact-sales,Current commercial product—direct official URL captured,2026-08-17,Medium
IAM/CIAM,OneLogin,https://www.onelogin.com,challenger,Mid-market IT/security,Identity access management and SSO,subscription/contact-sales,Current commercial product—direct official URL captured,2026-08-17,Medium
IAM/CIAM,IBM Security Verify,https://www.ibm.com/products/verify,challenger,Enterprise security,Identity access management,contact-sales,Current commercial product—direct official URL captured,2026-08-17,Medium
Endpoint/XDR,CrowdStrike Falcon,https://www.crowdstrike.com,leader,Security operations,Endpoint protection detection and response,contact-sales,Current commercial product—direct official URL captured,2026-08-17,Medium
Endpoint/XDR,Microsoft Defender for Endpoint,https://www.microsoft.com/security/business/endpoint-security/microsoft-defender-endpoint,leader,Enterprise security,Endpoint protection detection and response,subscription,Current commercial product—direct official URL captured,2026-08-17,Medium
Endpoint/XDR,SentinelOne,https://www.sentinelone.com,leader,Security operations,Endpoint protection detection and response,contact-sales,Current commercial product—direct official URL captured,2026-08-17,Medium
Endpoint/XDR,Palo Alto Cortex XDR,https://www.paloaltonetworks.com/cortex/cortex-xdr,leader,Security operations,Endpoint detection and response,contact-sales,Current commercial product—direct official URL captured,2026-08-17,Medium
Endpoint/XDR,Sophos Endpoint,https://www.sophos.com/en-us/products/endpoint-antivirus,challenger,Security operations,Endpoint protection,subscription/contact-sales,Current commercial product—direct official URL captured,2026-08-17,Medium
Endpoint/XDR,Trend Micro Vision One,https://www.trendmicro.com/en_us/business/products/detection-response/xdr.html,challenger,Security operations,Extended detection and response,contact-sales,Current commercial product—direct official URL captured,2026-08-17,Medium
Endpoint/XDR,Check Point Harmony Endpoint,https://www.checkpoint.com/harmony/endpoint,challenger,Security operations,Endpoint protection,contact-sales,Current commercial product—direct official URL captured,2026-08-17,Medium
Endpoint/XDR,VMware Carbon Black,https://www.carbonblack.com,challenger,Enterprise security,Endpoint protection,contact-sales,Current commercial product—direct official URL captured,2026-08-17,Medium
Endpoint/XDR,Cisco Secure Endpoint,https://www.cisco.com/site/us/en/products/security/endpoint-security/index.html,challenger,Enterprise security,Endpoint protection,contact-sales,Current commercial product—direct official URL captured,2026-08-17,Medium
Endpoint/XDR,Huntress,https://www.huntress.com,challenger,SMB security/MSPs,Managed detection and response,contact-sales,Current commercial product—direct official URL captured,2026-08-17,Medium
Cloud security/CNAPP,Wiz,https://www.wiz.io,leader,Cloud security,Cloud posture workload and identity security,contact-sales,Current commercial product—direct official URL captured,2026-08-17,Medium
Cloud security/CNAPP,Palo Alto Prisma Cloud,https://www.paloaltonetworks.com/prisma/cloud,leader,Cloud security,Cloud-native application protection,contact-sales,Current commercial product—direct official URL captured,2026-08-17,Medium
Cloud security/CNAPP,Orca Security,https://orca.security,leader,Cloud security,Agentless cloud security,contact-sales,Current commercial product—direct official URL captured,2026-08-17,Medium
Cloud security/CNAPP,CrowdStrike Falcon Cloud Security,https://www.crowdstrike.com/products/cloud-security,leader,Cloud security,Cloud-native application protection,contact-sales,Current commercial product—direct official URL captured,2026-08-17,Medium
Cloud security/CNAPP,Microsoft Defender for Cloud,https://azure.microsoft.com/products/defender-for-cloud,leader,Cloud security,Cloud security posture and workload protection,usage/subscription,Current commercial product—direct official URL captured,2026-08-17,Medium
Cloud security/CNAPP,Check Point CloudGuard,https://www.checkpoint.com/cloudguard,challenger,Cloud security,Cloud-native security,contact-sales,Current commercial product—direct official URL captured,2026-08-17,Medium
Cloud security/CNAPP,Lacework,https://www.lacework.com,challenger,Cloud security,Cloud-native security,contact-sales,Current commercial product—direct official URL captured,2026-08-17,Medium
Cloud security/CNAPP,Snyk,https://snyk.io,leader,Developers/security,Developer and cloud security,subscription/contact-sales,Current commercial product—direct official URL captured,2026-08-17,Medium
Cloud security/CNAPP,SentinelOne Singularity Cloud,https://www.sentinelone.com/platform/cloud-security,challenger,Cloud security,Cloud security,contact-sales,Current commercial product—direct official URL captured,2026-08-17,Medium
Cloud security/CNAPP,Tenable Cloud Security,https://www.tenable.com/products/tenable-cloud-security,challenger,Cloud security,Cloud security posture management,contact-sales,Current commercial product—direct official URL captured,2026-08-17,Medium
Data warehouse/lakehouse,Snowflake,https://www.snowflake.com,leader,Data/analytics teams,Cloud data warehouse,usage/contact-sales,Current commercial product—direct official URL captured,2026-08-17,Medium
Data warehouse/lakehouse,Databricks,https://www.databricks.com,leader,Data/AI teams,Lakehouse and data/AI platform,usage/contact-sales,Current commercial product—direct official URL captured,2026-08-17,Medium
Data warehouse/lakehouse,Google BigQuery,https://cloud.google.com/bigquery,leader,Data/analytics teams,Cloud data warehouse,usage,Current commercial product—direct official URL captured,2026-08-17,Medium
Data warehouse/lakehouse,Amazon Redshift,https://aws.amazon.com/redshift,leader,Data/analytics teams,Cloud data warehouse,usage,Current commercial product—direct official URL captured,2026-08-17,Medium
Data warehouse/lakehouse,Microsoft Fabric,https://www.microsoft.com/microsoft-fabric,leader,Data/analytics teams,Analytics and data platform,subscription/usage,Current commercial product—direct official URL captured,2026-08-17,Medium
Data warehouse/lakehouse,ClickHouse Cloud,https://clickhouse.com/cloud,challenger,Data/engineering teams,Analytical database cloud service,usage,Current commercial product—direct official URL captured,2026-08-17,Medium
Data warehouse/lakehouse,Teradata,https://www.teradata.com,challenger,Enterprise data teams,Cloud analytics platform,contact-sales,Current commercial product—direct official URL captured,2026-08-17,Medium
Data warehouse/lakehouse,Oracle Autonomous Data Warehouse,https://www.oracle.com/autonomous-database/autonomous-data-warehouse,challenger,Oracle enterprise customers,Autonomous cloud data warehouse,usage/contact-sales,Current commercial product—direct official URL captured,2026-08-17,Medium
Data warehouse/lakehouse,SAP Datasphere,https://www.sap.com/products/data-cloud/datasphere.html,challenger,SAP enterprise customers,Data fabric and analytics,contact-sales,Current commercial product—direct official URL captured,2026-08-17,Medium
Data warehouse/lakehouse,Firebolt,https://www.firebolt.io,challenger,Data/engineering teams,Cloud data warehouse,usage/contact-sales,Current commercial product—direct official URL captured,2026-08-17,Medium
Data integration/ELT,Fivetran,https://www.fivetran.com,leader,Data engineering,Managed data pipelines,usage/contact-sales,Current commercial product—direct official URL captured,2026-08-17,Medium
Data integration/ELT,Airbyte,https://airbyte.com,leader,Data engineering,Data integration and connectors,subscription/self-hosted,Current commercial product—direct official URL captured,2026-08-17,Medium
Data integration/ELT,Matillion,https://www.matillion.com,challenger,Data engineering,Cloud ELT,contact-sales,Current commercial product—direct official URL captured,2026-08-17,Medium
Data integration/ELT,Informatica,https://www.informatica.com,leader,Enterprise data teams,Data integration and governance,contact-sales,Current commercial product—direct official URL captured,2026-08-17,Medium
Data integration/ELT,Talend,https://www.talend.com,leader,Enterprise data teams,Data integration and quality,contact-sales,Current commercial product—direct official URL captured,2026-08-17,Medium
Data integration/ELT,dbt Cloud,https://www.getdbt.com/product/dbt-cloud,leader,Analytics engineering,Data transformation and governance,subscription/contact-sales,Current commercial product—direct official URL captured,2026-08-17,Medium
Data integration/ELT,Hevo,https://hevodata.com,challenger,Data engineering,Managed data pipelines,subscription/contact-sales,Current commercial product—direct official URL captured,2026-08-17,Medium
Data integration/ELT,Estuary,https://estuary.dev,challenger,Data engineering,Real-time data integration,contact-sales,Current commercial product—direct official URL captured,2026-08-17,Medium
Data integration/ELT,Meltano,https://meltano.com,challenger,Data engineering,Data integration and ELT,subscription/self-hosted,Current commercial product—direct official URL captured,2026-08-17,Medium
Data integration/ELT,Rivery,https://rivery.io,challenger,Data engineering,Data integration and orchestration,contact-sales,Current commercial product—direct official URL captured,2026-08-17,Medium
Product analytics,Amplitude,https://amplitude.com,leader,Product/growth teams,Product analytics and experimentation,subscription/contact-sales,Current commercial product—direct official URL captured,2026-08-17,Medium
Product analytics,Mixpanel,https://mixpanel.com,leader,Product/growth teams,Product analytics,subscription/contact-sales,Current commercial product—direct official URL captured,2026-08-17,Medium
Product analytics,Pendo,https://www.pendo.io,leader,Product teams,Product analytics and in-app guidance,contact-sales,Current commercial product—direct official URL captured,2026-08-17,Medium
Product analytics,Heap,https://www.heap.io,challenger,Product/growth teams,Digital insights and product analytics,contact-sales,Current commercial product—direct official URL captured,2026-08-17,Medium
Product analytics,FullStory,https://www.fullstory.com,leader,Product/digital teams,Session replay and digital experience analytics,contact-sales,Current commercial product—direct official URL captured,2026-08-17,Medium
Product analytics,LogRocket,https://logrocket.com,challenger,Product/engineering teams,Session replay and frontend monitoring,subscription/contact-sales,Current commercial product—direct official URL captured,2026-08-17,Medium
Product analytics,PostHog,https://posthog.com,challenger,Product/engineering teams,Product analytics and experimentation,subscription/self-hosted,Current commercial product—direct official URL captured,2026-08-17,Medium
Product analytics,Glassbox,https://www.glassbox.com,challenger,Enterprise digital teams,Digital experience analytics,contact-sales,Current commercial product—direct official URL captured,2026-08-17,Medium
Product analytics,Userpilot,https://userpilot.com,challenger,Product teams,Product adoption analytics and guidance,subscription,Current commercial product—direct official URL captured,2026-08-17,Medium
Product analytics,Contentsquare,https://contentsquare.com,leader,Enterprise digital teams,Digital experience analytics,contact-sales,Current commercial product—direct official URL captured,2026-08-17,Medium
Customer support,Zendesk,https://www.zendesk.com,leader,Support/CX teams,Omnichannel customer service and ticketing,subscription/contact-sales,Current commercial product—direct official URL captured,2026-08-17,Medium
Customer support,Intercom,https://www.intercom.com,leader,Support/product teams,Customer messaging and support,subscription/contact-sales,Current commercial product—direct official URL captured,2026-08-17,Medium
Customer support,Freshdesk,https://www.freshworks.com/freshdesk,leader,Support teams,Customer service and ticketing,subscription/contact-sales,Current commercial product—direct official URL captured,2026-08-17,Medium
Customer support,Zoho Desk,https://www.zoho.com/desk,challenger,SMB support teams,Customer service and ticketing,subscription,Current commercial product—direct official URL captured,2026-08-17,Medium
Customer support,HubSpot Service Hub,https://www.hubspot.com/products/service,challenger,SMB/mid-market support,Customer service and knowledge base,subscription,Current commercial product—direct official URL captured,2026-08-17,Medium
Customer support,Salesforce Service Cloud,https://www.salesforce.com/service/cloud,leader,Enterprise support,Customer service and contact center,contact-sales,Current commercial product—direct official URL captured,2026-08-17,Medium
Customer support,Genesys Cloud CX,https://www.genesys.com/cloud,leader,Enterprise contact center,Cloud contact center,contact-sales,Current commercial product—direct official URL captured,2026-08-17,Medium
Customer support,LiveChat,https://www.livechat.com,challenger,SMB/mid-market support,Live chat and customer service,subscription,Current commercial product—direct official URL captured,2026-08-17,Medium
Customer support,Help Scout,https://www.helpscout.com,challenger,SMB support teams,Customer support and knowledge base,subscription,Current commercial product—direct official URL captured,2026-08-17,Medium
Customer support,Gorgias,https://www.gorgias.com,challenger,Commerce support teams,Commerce customer service,subscription/contact-sales,Current commercial product—direct official URL captured,2026-08-17,Medium
LLM/agent operations,LangSmith,https://www.langchain.com/langsmith,leader,AI engineering,LLM tracing evaluation and observability,usage/contact-sales,Current commercial product—direct official URL captured,2026-08-17,Medium
LLM/agent operations,Langfuse,https://langfuse.com,challenger,AI engineering,LLM tracing evaluation and observability,subscription/self-hosted,Current commercial product—direct official URL captured,2026-08-17,Medium
LLM/agent operations,Weights & Biases Weave,https://wandb.ai/site/weave,challenger,AI engineering,AI application tracing and evaluation,usage/contact-sales,Current commercial product—direct official URL captured,2026-08-17,Medium
LLM/agent operations,Arize Phoenix,https://phoenix.arize.com,challenger,AI engineering,LLM observability and evaluation,subscription/self-hosted,Current commercial product—direct official URL captured,2026-08-17,Medium
LLM/agent operations,Braintrust,https://www.braintrust.dev,challenger,AI engineering,LLM evaluation and observability,usage/contact-sales,Current commercial product—direct official URL captured,2026-08-17,Medium
LLM/agent operations,Helicone,https://www.helicone.ai,challenger,AI engineering,LLM observability and gateway,subscription/self-hosted,Current commercial product—direct official URL captured,2026-08-17,Medium
LLM/agent operations,Humanloop,https://humanloop.com,challenger,AI product teams,LLM evaluation and prompt management,contact-sales,Current commercial product—direct official URL captured,2026-08-17,Medium
LLM/agent operations,Galileo,https://www.rungalileo.io,challenger,AI engineering,AI evaluation and observability,contact-sales,Current commercial product—direct official URL captured,2026-08-17,Medium
LLM/agent operations,Literal AI,https://literalai.com,challenger,AI engineering,LLM observability and evaluation,subscription/contact-sales,Current commercial product—direct official URL captured,2026-08-17,Medium
LLM/agent operations,Portkey,https://portkey.ai,challenger,AI engineering,AI gateway and observability,subscription/self-hosted,Current commercial product—direct official URL captured,2026-08-17,Medium
API management,Apigee,https://cloud.google.com/apigee,leader,Platform engineering,API management and governance,usage/contact-sales,Current commercial product—direct official URL captured,2026-08-17,Medium
API management,Kong,https://konghq.com,leader,Platform engineering,API gateway and management,subscription/self-hosted,Current commercial product—direct official URL captured,2026-08-17,Medium
API management,Postman,https://www.postman.com,leader,Developers/platform teams,API development and collaboration,subscription/contact-sales,Current commercial product—direct official URL captured,2026-08-17,Medium
API management,MuleSoft,https://www.mulesoft.com,leader,Enterprise IT,API integration and management,contact-sales,Current commercial product—direct official URL captured,2026-08-17,Medium
API management,AWS API Gateway,https://aws.amazon.com/api-gateway,leader,Platform engineering,Managed API gateway,usage,Current commercial product—direct official URL captured,2026-08-17,Medium
API management,Azure API Management,https://azure.microsoft.com/products/api-management,leader,Platform engineering,Managed API management,usage,Current commercial product—direct official URL captured,2026-08-17,Medium
API management,Tyk,https://tyk.io,challenger,Platform engineering,API management and gateway,subscription/self-hosted,Current commercial product—direct official URL captured,2026-08-17,Medium
API management,Gravitee,https://www.gravitee.io,challenger,Platform engineering,API management and event-native gateway,subscription/self-hosted,Current commercial product—direct official URL captured,2026-08-17,Medium
API management,Boomi,https://boomi.com,challenger,Enterprise IT,API management and integration,contact-sales,Current commercial product—direct official URL captured,2026-08-17,Medium
API management,WSO2,https://wso2.com,challenger,Enterprise IT,API management and integration,subscription/self-hosted,Current commercial product—direct official URL captured,2026-08-17,Medium
Feature flags,LaunchDarkly,https://launchdarkly.com,leader,Product/engineering,Feature management and experimentation,subscription/contact-sales,Current commercial product—direct official URL captured,2026-08-17,Medium
Feature flags,Statsig,https://www.statsig.com,leader,Product/engineering,Feature flags experimentation and analytics,usage/contact-sales,Current commercial product—direct official URL captured,2026-08-17,Medium
Feature flags,Optimizely,https://www.optimizely.com,leader,Product/marketing,Experimentation and digital optimization,contact-sales,Current commercial product—direct official URL captured,2026-08-17,Medium
Feature flags,Split,https://www.split.io,challenger,Product/engineering,Feature flags and experimentation,contact-sales,Current commercial product—direct official URL captured,2026-08-17,Medium
Feature flags,ConfigCat,https://configcat.com,challenger,Product/engineering,Feature flags,subscription,Current commercial product—direct official URL captured,2026-08-17,Medium
Feature flags,Unleash,https://www.getunleash.io,challenger,Product/engineering,Feature flags,subscription/self-hosted,Current commercial product—direct official URL captured,2026-08-17,Medium
Feature flags,Firebase Remote Config,https://firebase.google.com/products/remote-config,leader,Mobile product teams,Remote configuration and experimentation,usage,Current commercial product—direct official URL captured,2026-08-17,Medium
Feature flags,VWO,https://vwo.com,challenger,Product/marketing,Experimentation and conversion optimization,contact-sales,Current commercial product—direct official URL captured,2026-08-17,Medium
Feature flags,AB Tasty,https://www.abtasty.com,challenger,Product/marketing,Experimentation and personalization,contact-sales,Current commercial product—direct official URL captured,2026-08-17,Medium
Feature flags,Eppo,https://www.geteppo.com,challenger,Data/product teams,Experimentation platform,contact-sales,Current commercial product—direct official URL captured,2026-08-17,Medium
Secrets/passwords,1Password,https://1password.com,leader,Security/IT,Password and secrets management,subscription/contact-sales,Current commercial product—direct official URL captured,2026-08-17,Medium
Secrets/passwords,Bitwarden,https://bitwarden.com,leader,Security/IT,Password and secrets management,subscription/self-hosted,Current commercial product—direct official URL captured,2026-08-17,Medium
Secrets/passwords,Keeper,https://www.keepersecurity.com,leader,Security/IT,Password and secrets management,subscription/contact-sales,Current commercial product—direct official URL captured,2026-08-17,Medium
Secrets/passwords,Dashlane,https://www.dashlane.com,challenger,Security/IT,Password management,subscription/contact-sales,Current commercial product—direct official URL captured,2026-08-17,Medium
Secrets/passwords,LastPass,https://www.lastpass.com,challenger,Security/IT,Password management,subscription/contact-sales,Current commercial product—direct official URL captured,2026-08-17,Medium
Secrets/passwords,Proton Pass,https://proton.me/pass,challenger,Security/IT,Password management,subscription,Current commercial product—direct official URL captured,2026-08-17,Medium
Secrets/passwords,HashiCorp Vault,https://www.hashicorp.com/products/vault,leader,Platform/security teams,Secrets and machine identity management,subscription/self-hosted,Current commercial product—direct official URL captured,2026-08-17,Medium
Secrets/passwords,CyberArk Conjur,https://www.cyberark.com/products/secrets-management,leader,Enterprise security,Secrets management,contact-sales,Current commercial product—direct official URL captured,2026-08-17,Medium
Secrets/passwords,Doppler,https://www.doppler.com,challenger,Developers,Secrets management,subscription,Current commercial product—direct official URL captured,2026-08-17,Medium
Secrets/passwords,AWS Secrets Manager,https://aws.amazon.com/secrets-manager,leader,Cloud security,Managed secrets management,usage,Current commercial product—direct official URL captured,2026-08-17,Medium
SIEM/security operations,Microsoft Sentinel,https://azure.microsoft.com/products/microsoft-sentinel,leader,Security operations,Cloud SIEM and security operations,usage,Current commercial product—direct official URL captured,2026-08-17,Medium
SIEM/security operations,Splunk Enterprise Security,https://www.splunk.com/en_us/products/enterprise-security.html,leader,Security operations,SIEM and security analytics,contact-sales,Current commercial product—direct official URL captured,2026-08-17,Medium
SIEM/security operations,Google Chronicle,https://cloud.google.com/chronicle,leader,Security operations,Cloud SIEM and security operations,contact-sales,Current commercial product—direct official URL captured,2026-08-17,Medium
SIEM/security operations,IBM QRadar,https://www.ibm.com/qradar,leader,Security operations,SIEM and security analytics,contact-sales,Current commercial product—direct official URL captured,2026-08-17,Medium
SIEM/security operations,Elastic Security,https://www.elastic.co/security,challenger,Security operations,Security analytics and SIEM,subscription/self-hosted,Current commercial product—direct official URL captured,2026-08-17,Medium
SIEM/security operations,Sumo Logic,https://www.sumologic.com,challenger,Security operations,Cloud SIEM and log analytics,contact-sales,Current commercial product—direct official URL captured,2026-08-17,Medium
SIEM/security operations,LogRhythm,https://logrhythm.com,challenger,Security operations,SIEM and security operations,contact-sales,Current commercial product—direct official URL captured,2026-08-17,Medium
SIEM/security operations,Exabeam,https://www.exabeam.com,challenger,Security operations,SIEM and user behavior analytics,contact-sales,Current commercial product—direct official URL captured,2026-08-17,Medium
SIEM/security operations,Rapid7 InsightIDR,https://www.rapid7.com/products/insightidr,challenger,Security operations,Detection and response,contact-sales,Current commercial product—direct official URL captured,2026-08-17,Medium
SIEM/security operations,Palo Alto Cortex XSIAM,https://www.paloaltonetworks.com/cortex/cortex-xsiam,leader,Security operations,AI-driven security operations,contact-sales,Current commercial product—direct official URL captured,2026-08-17,Medium
Operational databases/BaaS,AWS RDS,https://aws.amazon.com/rds,leader,Developers,Managed relational databases,usage,Current commercial product—direct official URL captured,2026-08-17,Medium
Operational databases/BaaS,Azure Database,https://azure.microsoft.com/products/databases,leader,Developers,Managed databases,usage,Current commercial product—direct official URL captured,2026-08-17,Medium
Operational databases/BaaS,Google Cloud SQL,https://cloud.google.com/sql,leader,Developers,Managed relational databases,usage,Current commercial product—direct official URL captured,2026-08-17,Medium
Operational databases/BaaS,MongoDB Atlas,https://www.mongodb.com/atlas,leader,Developers,Managed document database,usage,Current commercial product—direct official URL captured,2026-08-17,Medium
Operational databases/BaaS,Supabase,https://supabase.com,challenger,Developers,Backend-as-a-service and Postgres,usage/self-hosted,Current commercial product—direct official URL captured,2026-08-17,Medium
Operational databases/BaaS,Firebase,https://firebase.google.com,leader,Developers,Backend-as-a-service,usage,Current commercial product—direct official URL captured,2026-08-17,Medium
Operational databases/BaaS,PlanetScale,https://planetscale.com,challenger,Developers,Managed MySQL-compatible database,usage,Current commercial product—direct official URL captured,2026-08-17,Medium
Operational databases/BaaS,Neon,https://neon.com,challenger,Developers,Serverless Postgres,usage,Current commercial product—direct official URL captured,2026-08-17,Medium
Operational databases/BaaS,CockroachDB Cloud,https://www.cockroachlabs.com/cloud,challenger,Developers,Distributed SQL database,usage,Current commercial product—direct official URL captured,2026-08-17,Medium
Operational databases/BaaS,Appwrite Cloud,https://appwrite.io,challenger,Developers,Backend-as-a-service,subscription/self-hosted,Current commercial product—direct official URL captured,2026-08-17,Medium
Legal AI,Luminance,https://www.luminance.com,leader,Enterprise legal,Contract review and legal AI,contact-sales,Current commercial product—direct official URL captured,2026-08-17,Medium
Legal AI,Robin AI,https://www.robinai.com,challenger,Legal teams,Contract review and legal AI,contact-sales,Current commercial product—direct official URL captured,2026-08-17,Medium
Legal AI,Ivo,https://www.ivo.ai,challenger,Legal teams,Contract review and legal AI,contact-sales,Current commercial product—direct official URL captured,2026-08-17,Medium
Legal AI,Spellbook,https://www.spellbook.legal,challenger,Lawyers,AI contract drafting and review,subscription/contact-sales,Current commercial product—direct official URL captured,2026-08-17,Medium
Legal AI,LawGeex,https://www.lawgeex.com,challenger,Legal teams,AI contract review,contact-sales,Current commercial product—direct official URL captured,2026-08-17,Medium
Legal AI,LexCheck,https://www.lexcheck.com,challenger,Legal teams,AI contract review,contact-sales,Current commercial product—direct official URL captured,2026-08-17,Medium
Legal AI,Evisort,https://www.evisort.com,challenger,Legal teams,AI contract intelligence,contact-sales,Current commercial product—direct official URL captured,2026-08-17,Medium
Legal AI,Kira,https://www.litera.com/products/kira,leader,Enterprise legal,Contract analysis and extraction,contact-sales,Current commercial product—direct official URL captured,2026-08-17,Medium
Legal AI,Della,https://www.della.ai,challenger,Legal teams,Contract intelligence,contact-sales,Current commercial product—direct official URL captured,2026-08-17,Medium
Legal AI,LegalOn,https://legalontech.com,challenger,Legal teams,AI contract review,contact-sales,Current commercial product—direct official URL captured,2026-08-17,Medium
Proposal/CPQ,PandaDoc,https://www.pandadoc.com,leader,Sales/revenue operations,Proposals quotes and sales documents,subscription/contact-sales,Current commercial product—direct official URL captured,2026-08-17,Medium
Proposal/CPQ,Proposify,https://www.proposify.com,challenger,Sales teams,Proposals and sales documents,subscription,Current commercial product—direct official URL captured,2026-08-17,Medium
Proposal/CPQ,Qwilr,https://qwilr.com,challenger,Sales teams,Interactive proposals and quotes,subscription,Current commercial product—direct official URL captured,2026-08-17,Medium
Proposal/CPQ,Conga,https://conga.com,leader,Enterprise revenue operations,CPQ and commercial documents,contact-sales,Current commercial product—direct official URL captured,2026-08-17,Medium
Proposal/CPQ,Salesforce Revenue Cloud,https://www.salesforce.com/revenue-cloud,leader,Enterprise revenue operations,CPQ and quote-to-cash,contact-sales,Current commercial product—direct official URL captured,2026-08-17,Medium
Proposal/CPQ,DealHub,https://dealhub.io,challenger,Revenue operations,CPQ and deal desk,contact-sales,Current commercial product—direct official URL captured,2026-08-17,Medium
Proposal/CPQ,Oracle CPQ,https://www.oracle.com/cx/sales/cpq,leader,Enterprise revenue operations,Configure price quote,contact-sales,Current commercial product—direct official URL captured,2026-08-17,Medium
Proposal/CPQ,QuoteWerks,https://www.quotewerks.com,niche,SMB sales,Quoting and proposals,subscription,Current commercial product—direct official URL captured,2026-08-17,Medium
Proposal/CPQ,Documill,https://www.documill.com,challenger,Enterprise revenue operations,Document generation and CPQ,contact-sales,Current commercial product—direct official URL captured,2026-08-17,Medium
Proposal/CPQ,GetAccept,https://www.getaccept.com,challenger,Sales teams,Digital sales room proposals and e-signature,subscription/contact-sales,Current commercial product—direct official URL captured,2026-08-17,Medium
Employee performance,Lattice,https://lattice.com,leader,People leaders,Performance engagement and development,contact-sales,Current commercial product—direct official URL captured,2026-08-17,Medium
Employee performance,Culture Amp,https://www.cultureamp.com,leader,People leaders,Employee engagement and performance,contact-sales,Current commercial product—direct official URL captured,2026-08-17,Medium
Employee performance,15Five,https://www.15five.com,challenger,People leaders,Performance management and engagement,contact-sales,Current commercial product—direct official URL captured,2026-08-17,Medium
Employee performance,Leapsome,https://www.leapsome.com,challenger,People leaders,Performance learning and engagement,contact-sales,Current commercial product—direct official URL captured,2026-08-17,Medium
Employee performance,Betterworks,https://www.betterworks.com,challenger,Enterprise people leaders,Performance management,contact-sales,Current commercial product—direct official URL captured,2026-08-17,Medium
Forms/surveys,Typeform,https://www.typeform.com,leader,Marketing/research teams,Forms and surveys,subscription,Current commercial product—direct official URL captured,2026-08-17,Medium
Forms/surveys,Qualtrics,https://www.qualtrics.com,leader,Enterprise research/experience teams,Surveys and experience management,contact-sales,Current commercial product—direct official URL captured,2026-08-17,Medium
Forms/surveys,SurveyMonkey,https://www.surveymonkey.com,leader,Research/marketing teams,Surveys,subscription/contact-sales,Current commercial product—direct official URL captured,2026-08-17,Medium
Forms/surveys,Jotform,https://www.jotform.com,challenger,SMB/operations teams,Forms and workflow,subscription,Current commercial product—direct official URL captured,2026-08-17,Medium
Forms/surveys,Tally,https://tally.so,challenger,SMB/creator teams,Forms and surveys,subscription,Current commercial product—direct official URL captured,2026-08-17,Medium
Healthcare EHR,Epic,https://www.epic.com,leader,Hospitals/health systems,Clinical records and hospital operations,contact-sales,Current commercial product—direct official URL captured,2026-08-17,Medium
Healthcare EHR,Oracle Health,https://www.oracle.com/health,leader,Hospitals/health systems,Clinical records and hospital operations,contact-sales,Current commercial product—direct official URL captured,2026-08-17,Medium
Healthcare EHR,MEDITECH,https://ehr.meditech.com,leader,Hospitals/health systems,Electronic health records,contact-sales,Current commercial product—direct official URL captured,2026-08-17,Medium
Healthcare EHR,athenahealth,https://www.athenahealth.com,leader,Ambulatory practices,Electronic health records and revenue cycle,contact-sales,Current commercial product—direct official URL captured,2026-08-17,Medium
Healthcare EHR,eClinicalWorks,https://www.eclinicalworks.com,challenger,Ambulatory practices,Electronic health records and practice management,contact-sales,Current commercial product—direct official URL captured,2026-08-17,Medium
Property management,Yardi,https://www.yardi.com,leader,Property operators,Property management accounting and operations,contact-sales,Current commercial product—direct official URL captured,2026-08-17,Medium
Property management,AppFolio,https://www.appfolio.com,leader,Property operators,Property management accounting and operations,contact-sales,Current commercial product—direct official URL captured,2026-08-17,Medium
Property management,RealPage,https://www.realpage.com,leader,Property operators,Property management and resident operations,contact-sales,Current commercial product—direct official URL captured,2026-08-17,Medium
Property management,MRI Software,https://www.mrisoftware.com,leader,Property operators,Property management and real-estate operations,contact-sales,Current commercial product—direct official URL captured,2026-08-17,Medium
Property management,Buildium,https://www.buildium.com,challenger,Residential property managers,Property management,subscription/contact-sales,Current commercial product—direct official URL captured,2026-08-17,Medium
Construction management,Procore,https://www.procore.com,leader,Construction owners/contractors,Construction project and field management,contact-sales,Current commercial product—direct official URL captured,2026-08-17,Medium
Construction management,Autodesk Construction Cloud,https://construction.autodesk.com,leader,Construction owners/contractors,Construction management and design coordination,contact-sales,Current commercial product—direct official URL captured,2026-08-17,Medium
Construction management,Buildertrend,https://www.buildertrend.com,challenger,Residential contractors,Construction management,subscription/contact-sales,Current commercial product—direct official URL captured,2026-08-17,Medium
Construction management,Oracle Primavera,https://www.oracle.com/construction-engineering/primavera-p6,leader,Enterprise construction/PMO,Project controls and scheduling,contact-sales,Current commercial product—direct official URL captured,2026-08-17,Medium
Construction management,Trimble Viewpoint,https://www.viewpoint.com,challenger,Contractors,Construction ERP and management,contact-sales,Current commercial product—direct official URL captured,2026-08-17,Medium
Transportation/logistics,SAP Transportation Management,https://www.sap.com/products/scm/transportation-logistics.html,leader,Enterprise logistics,Transportation planning and execution,contact-sales,Current commercial product—direct official URL captured,2026-08-17,Medium
Transportation/logistics,Oracle Transportation Management,https://www.oracle.com/scm/logistics/transportation-management,leader,Enterprise logistics,Transportation planning and execution,contact-sales,Current commercial product—direct official URL captured,2026-08-17,Medium
Transportation/logistics,Blue Yonder,https://blueyonder.com,leader,Enterprise supply chain,Supply-chain planning and logistics,contact-sales,Current commercial product—direct official URL captured,2026-08-17,Medium
Transportation/logistics,Manhattan Associates,https://www.manh.com,leader,Enterprise supply chain,Warehouse and transportation management,contact-sales,Current commercial product—direct official URL captured,2026-08-17,Medium
Transportation/logistics,e2open,https://www.e2open.com,challenger,Enterprise supply chain,Connected supply-chain platform,contact-sales,Current commercial product—direct official URL captured,2026-08-17,Medium
Manufacturing/PLM,Siemens Teamcenter,https://plm.sw.siemens.com/en-US/teamcenter,leader,Manufacturing engineering,Product lifecycle management,contact-sales,Current commercial product—direct official URL captured,2026-08-17,Medium
Manufacturing/PLM,PTC Windchill,https://www.ptc.com/en/products/windchill,leader,Manufacturing engineering,Product lifecycle management,contact-sales,Current commercial product—direct official URL captured,2026-08-17,Medium
Manufacturing/PLM,Dassault ENOVIA,https://www.3ds.com/products/enovia,leader,Manufacturing engineering,Product lifecycle management,contact-sales,Current commercial product—direct official URL captured,2026-08-17,Medium
Manufacturing/PLM,Autodesk Fusion,https://www.autodesk.com/products/fusion-360/overview,leader,Product engineering,Design/manufacturing lifecycle,subscription,Current commercial product—direct official URL captured,2026-08-17,Medium
Manufacturing/PLM,Aras Innovator,https://www.aras.com,challenger,Manufacturing engineering,Product lifecycle management,contact-sales,Current commercial product—direct official URL captured,2026-08-17,Medium
Education/LMS,Canvas,https://www.instructure.com/canvas,leader,Education/L&D,Learning management system,contact-sales,Current commercial product—direct official URL captured,2026-08-17,Medium
Education/LMS,Blackboard Learn,https://www.anthology.com/products/teaching-and-learning/learning-effectiveness/blackboard-learn,leader,Education/L&D,Learning management system,contact-sales,Current commercial product—direct official URL captured,2026-08-17,Medium
Education/LMS,D2L Brightspace,https://www.d2l.com/brightspace,leader,Education/L&D,Learning management system,contact-sales,Current commercial product—direct official URL captured,2026-08-17,Medium
Education/LMS,Moodle Workplace,https://moodle.com/solutions/workplace,challenger,Enterprise L&D,Learning management system,contact-sales,Current commercial product—direct official URL captured,2026-08-17,Medium
Education/LMS,Docebo,https://www.docebo.com,challenger,Enterprise L&D,Learning management system,contact-sales,Current commercial product—direct official URL captured,2026-08-17,Medium
Public-sector case/grants,Salesforce Government Cloud,https://www.salesforce.com/government,leader,Government agencies,Constituent case and grants operations,contact-sales,Current commercial product—direct official URL captured,2026-08-17,Medium
Public-sector case/grants,ServiceNow Public Sector,https://www.servicenow.com/industries/public-sector.html,leader,Government agencies,Public-sector workflow and case management,contact-sales,Current commercial product—direct official URL captured,2026-08-17,Medium
Public-sector case/grants,Granicus,https://granicus.com,leader,Government agencies,Digital government and constituent services,contact-sales,Current commercial product—direct official URL captured,2026-08-17,Medium
Public-sector case/grants,Tyler Technologies,https://www.tylertech.com,leader,Government agencies,Public-sector administration and case management,contact-sales,Current commercial product—direct official URL captured,2026-08-17,Medium
Public-sector case/grants,Accela,https://www.accela.com,leader,Government agencies,Permitting licensing and civic workflows,contact-sales,Current commercial product—direct official URL captured,2026-08-17,Medium
Design asset management,Bynder,https://www.bynder.com,leader,Marketing/creative operations,Digital asset management,contact-sales,Current commercial product—direct official URL captured,2026-08-17,Medium
Design asset management,Brandfolder,https://brandfolder.com,challenger,Marketing/creative operations,Digital asset management,contact-sales,Current commercial product—direct official URL captured,2026-08-17,Medium
Design asset management,Canto,https://www.canto.com,challenger,Marketing/creative operations,Digital asset management,contact-sales,Current commercial product—direct official URL captured,2026-08-17,Medium
Design asset management,Aprimo,https://www.aprimo.com,challenger,Enterprise marketing,Digital asset and marketing resource management,contact-sales,Current commercial product—direct official URL captured,2026-08-17,Medium
Design asset management,Acquia DAM,https://www.acquia.com/products/dam,challenger,Marketing/creative operations,Digital asset management,contact-sales,Current commercial product—direct official URL captured,2026-08-17,Medium
